city,county_voter_reg,county_college_2008_12,county_per_cap_gdp,county_pop,county_per_cap_income,county_per_cap_1099_income,county_n_jobs,county_avg_wage,county_med_age,county_prop_m,county_prop_f,pension_obligations_ratio,pension_funding_ratio,pension_costs_ratio,future_pension_costs_ratio,net_pension_liability_or_asset,pension_related_debt,pension_assets,accrued_pension_liabilities,actuarially_determined_pension_contributions,projected_pension_contribution
Adelanto,0.6748090460761734,0.18600000000000003,34.97512395601215,2003735,29988,4061,885185,41008,31.7,0.4970037489988748,0.5029962510011252,0.01,0.99,0.01,0.01,212219,0,10750768,10820212,291674,320287.01
Agoura Hills,0.7442106236359122,0.295,58.53160101229083,9735147,42948,8593,5624844,53099,34.8,0.492906477040272,0.507093522959728,0.21,0.79,0.02,0.04,4479822,0,16619716,21014525,443161,879860.94
Alameda,0.8130188885559002,0.411,62.71487156852657,1477208,48524,8583,903624,60165,36.6,0.4903576907720535,0.5096423092279465,1.07,0.66,0.07,0.13,267509627,0,492132792,750220024,17181092,32501114.15
Alhambra,0.7442106236359122,0.295,58.53160101229083,9735147,42948,8593,5624844,53099,34.8,0.492906477040272,0.507093522959728,1.15,0.71,0.1,0.15,140681137,0,325547394,461713970,12048809,18579974.73
Aliso Viejo,0.8640684252298959,0.366,65.05009546614426,2957593,49785,10940,1998599,52932,36.2,0.4945731757552242,0.5054268242447758,0.04,0.84,0.01,0.01,1041373,0,5049753,5978037,270996,330774.08
Alturas,0.7980002898130706,0.194,38.41137053711653,9551,33061,5674,4268,31980,46.1,0.503613462729713,0.49638653727028703,0.75,0.74,0.06,0.11,3278160,0,8992826,12232697,268500,482904.96
American Canyon,0.7790353151347466,0.312,60.91912329502659,134093,47613,12170,91679,46528,39.7,0.4993918701093169,0.5006081298906832,0.25,0.77,0.03,0.02,14854382,0,23824676,31103851,1718705,1419528.36
Anaheim,0.8640684252298959,0.366,65.05009546614426,2957593,49785,10940,1998599,52932,36.2,0.4945731757552242,0.5054268242447758,0.64,0.71,0.05,0.1,777745000,0,1897117860,2658142985,66792000,116623490.81
Anderson,0.735475342080671,0.193,36.57339757513526,177247,32788,5850,90773,37062,41.8,0.49164047555904145,0.5083595244409586,1.05,0.73,0.07,0.14,11612376,2010350,31842166,43401176,937692,1784979.56
Angels Camp,0.8044205157268348,0.208,23.327461363881984,46265,36299,8488,16738,33340,49.2,0.5007240335249462,0.49927596647505373,0.56,0.74,0.06,0.08,5454668,0,15099850,20411943,620116,835071.73
Antioch,0.7539949308861223,0.386,90.00304785096702,1023344,58611,12481,496937,58042,38.5,0.487620409427802,0.512379590572198,0.94,0.7,0.08,0.14,112660918,0,259896312,368682853,9710252,16351934.72
Apple Valley,0.6748090460761734,0.18600000000000003,34.97512395601215,2003735,29988,4061,885185,41008,31.7,0.4970037489988748,0.5029962510011252,0.19,0.72,0.02,0.03,13908768,0,35490108,49097036,1384661,2315617.58
Arcadia,0.7442106236359122,0.295,58.53160101229083,9735147,42948,8593,5624844,53099,34.8,0.492906477040272,0.507093522959728,1.72,0.65,0.13,0.22,147874349,0,266062728,411285829,11423038,19030191.98
Arcata,0.7955847759213462,0.264,35.86541230391159,132657,31084,6269,70605,34145,37.1,0.5021058808673109,0.49789411913268905,0.63,0.75,0.04,0.09,20376398,2194000,62346818,82789259,1325484,3165903.55
Arroyo Grande,0.8320743034055728,0.315,47.20735251053094,266358,39692,9659,154624,39377,39.4,0.5117954880079514,0.48820451199204856,0.77,0.72,0.08,0.11,21434067,0,59297830,82637519,2342517,3163158.1
Arvin,0.6575433079519254,0.149,52.20654335003,818327,29257,3963,364533,41733,30.7,0.5158313592518619,0.48416864074813815,0.17,0.8,0.02,0.04,2462471,0,10144590,12622617,272082,651863.62
Atascadero,0.8320743034055728,0.315,47.20735251053094,266358,39692,9659,154624,39377,39.4,0.5117954880079514,0.48820451199204856,0.86,0.73,0.09,0.13,26808749,0,71939702,98461546,2685953,4081164.01
Atherton,0.8128099776836925,0.439,83.74426637114075,703830,74932,21933,468661,72876,39.3,0.4915686664782984,0.5084313335217016,0.74,0.74,0.06,0.11,16121566,0,46605896,62802279,1288841,2505588.75
Atwater,0.6923899026027232,0.125,29.541949724193536,250538,26936,3459,90756,35639,29.6,0.5032858600509005,0.49671413994909946,0.66,0.67,0.07,0.06,27538451,0,52816016,79363010,2892846,2706130.85
Auburn,0.8313888865674386,0.34700000000000003,46.07508709356337,337568,47986,9735,198859,45005,40.3,0.4883334481333517,0.5116665518666483,0.94,0.74,0.06,0.13,17388071,3160000,50410039,67832426,1399915,2846738.74
Avalon,0.7442106236359122,0.295,58.53160101229083,9735147,42948,8593,5624844,53099,34.8,0.492906477040272,0.507093522959728,0.37,0.75,0.03,0.06,10342526,0,29691204,39665015,874164,1736436.72
Avenal,0.6342746931320331,0.124,34.93159767672847,152027,25392,3690,58713,40187,31.1,0.564406270018695,0.43559372998130497,0.27,0.78,0.05,0.07,2880505,0,9884141,12697944,559335,733727.56
Azusa,0.7442106236359122,0.295,58.53160101229083,9735147,42948,8593,5624844,53099,34.8,0.492906477040272,0.507093522959728,0.66,0.74,0.06,0.09,76657050,0,214273198,290065873,6894986,10999413.53
Bakersfield,0.6575433079519254,0.149,52.20654335003,818327,29257,3963,364533,41733,30.7,0.5158313592518619,0.48416864074813815,0.94,0.69,0.06,0.13,437509411,0,934622175,1363499688,29455559,59864348.18
Baldwin Park,0.7442106236359122,0.295,58.53160101229083,9735147,42948,8593,5624844,53099,34.8,0.492906477040272,0.507093522959728,0.99,0.72,0.05,0.06,53482903,0,142926675,197180988,2751737,3142057.57
Banning,0.6519685051631071,0.205,30.312794352973295,2109712,31693,5525,862701,39323,33.7,0.4976048585133362,0.5023951414866638,0.57,0.69,0.05,0.08,40084731,0,88025772,128115704,3462445,5486731.86
Barstow,0.6748090460761734,0.18600000000000003,34.97512395601215,2003735,29988,4061,885185,41008,31.7,0.4970037489988748,0.5029962510011252,0.93,0.78,0.11,0.12,34653410,0,123274866.90972,157438773.90972,4238158,4464614.63
Beaumont,0.6519685051631071,0.205,30.312794352973295,2109712,31693,5525,862701,39323,33.7,0.4976048585133362,0.5023951414866638,0.18,0.77,0.02,0.04,17018262,0,55049849,71833182,2359341,3522488.86
Bell,0.7442106236359122,0.295,58.53160101229083,9735147,42948,8593,5624844,53099,34.8,0.492906477040272,0.507093522959728,1.33,0.69,0.08,0.17,36064660,1890000,80602431,116737079,2236883,4887147.47
Bell Gardens,0.7442106236359122,0.295,58.53160101229083,9735147,42948,8593,5624844,53099,34.8,0.492906477040272,0.507093522959728,0.96,0.73,0.1,0.15,39199075,0,102835602,141745336,4145318,6137021.27
Bellflower,0.7442106236359122,0.295,58.53160101229083,9735147,42948,8593,5624844,53099,34.8,0.492906477040272,0.507093522959728,0.24,0.78,0.02,0.04,13297248,0,45449045,58547317,1097439,2181919.09
Belmont,0.8128099776836925,0.439,83.74426637114075,703830,74932,21933,468661,72876,39.3,0.4915686664782984,0.5084313335217016,0.58,0.72,0.06,0.09,37312079,0,92888424,129282538,3926990,5502984.57
Belvedere,0.8589735806570894,0.546,67.9644361065709,248398,90003,30928,181971,56427,44.5,0.4915514106073872,0.5084485893926128,0.5,0.97,0.03,0.05,4645998,0,21736120,22496484,255516,447883.95
Benicia,0.6956945732923293,0.242,45.98817522960007,408972,38030,6022,178995,46543,36.9,0.4988459975226446,0.5011540024773554,1.04,0.73,0.07,0.14,64734021,7701537,177063614,240933172,4756153,9869891.45
Berkeley,0.8130188885559002,0.411,62.71487156852657,1477208,48524,8583,903624,60165,36.6,0.4903576907720535,0.5096423092279465,1.44,0.67,0.1,0.18,586777525,0,1197117715,1781477682,40471505,73661467.5
Beverly Hills,0.7442106236359122,0.295,58.53160101229083,9735147,42948,8593,5624844,53099,34.8,0.492906477040272,0.507093522959728,0.65,0.71,0.06,0.09,266270457,0,628455125,883740845,23372339,38016412.17
Big Bear Lake,0.6748090460761734,0.18600000000000003,34.97512395601215,2003735,29988,4061,885185,41008,31.7,0.4970037489988748,0.5029962510011252,0.69,0.7,0.08,NA,25076254,6357716,58170818,83247072,3456348,NA
Biggs,0.7693430199787061,0.24,33.56159774281618,219034,31896,5953,103874,35124,37.2,0.4951409090909091,0.5048590909090909,0.12,0.78,0.01,0.02,697185,0,2380315,3060074,67459,122215.65
Bishop,0.7882886344424807,0.21,56.682552680423626,18318,42667,8187,10499,36114,45.6,0.504367518602394,0.4956324813976059,1.33,0.71,0.1,0.14,13924373,181408,34380811,48370631,1086435,1461708.88
Blue Lake,0.7955847759213462,0.264,35.86541230391159,132657,31084,6269,70605,34145,37.1,0.5021058808673109,0.49789411913268905,0.44,0.7,0.04,0.06,1032065,0,2426029,3461524,92753,132867.84
Blythe,0.6519685051631071,0.205,30.312794352973295,2109712,31693,5525,862701,39323,33.7,0.4976048585133362,0.5023951414866638,1.18,0.72,0.09,0.16,19992975,0,49285918,68850069,1594880,2633360.39
Bradbury,0.7442106236359122,0.295,58.53160101229083,9735147,42948,8593,5624844,53099,34.8,0.492906477040272,0.507093522959728,0.03,0.94,0.01,0.02,76419,0,1012289,1079718,14171,33067.11
Brawley,0.6502365004640552,0.132,42.24373946652215,167917,28182,3104,74053,34148,31.9,0.5136482398239824,0.4863517601760176,1.05,0.92,0.02,0.05,24015175,16310000,81070376,88176325,925723,2032799.01
Brea,0.8640684252298959,0.366,65.05009546614426,2957593,49785,10940,1998599,52932,36.2,0.4945731757552242,0.5054268242447758,0.81,0.69,0.06,0.11,124633005,0,277889990,402752944,9006661,16633954.33
Brentwood,0.7539949308861223,0.386,90.00304785096702,1023344,58611,12481,496937,58042,38.5,0.487620409427802,0.512379590572198,0.35,0.77,0.04,0.05,52074298,0,159449137,206890040,5605465,7991389.2
Brisbane,0.8128099776836925,0.439,83.74426637114075,703830,74932,21933,468661,72876,39.3,0.4915686664782984,0.5084313335217016,0.71,0.75,0.06,0.11,21118306,1726000,63332743,84404135,1906264,3457759.26
Buellton,0.7376324610238962,0.315,53.012658136531854,415859,45327,13688,258059,44000,33.6,0.5019780841953786,0.4980219158046214,0.18,0.77,0.02,0.03,2153367,0,7127793,9231408,219633,385257.66
Buena Park,0.8640684252298959,0.366,65.05009546614426,2957593,49785,10940,1998599,52932,36.2,0.4945731757552242,0.5054268242447758,1.2,0.71,0.09,0.17,108528234,2002060,269390637,378492502,7920464,15340740.42
Burbank,0.7442106236359122,0.295,58.53160101229083,9735147,42948,8593,5624844,53099,34.8,0.492906477040272,0.507093522959728,0.76,0.75,0.06,0.11,376165000,8805000,1093968349,1452189923,32106196,56908831.82
Burlingame,0.8128099776836925,0.439,83.74426637114075,703830,74932,21933,468661,72876,39.3,0.4915686664782984,0.5084313335217016,0.61,0.73,0.05,0.08,65912338,8970000,178219214,243683608,5717860,10353272.17
Calabasas,0.7442106236359122,0.295,58.53160101229083,9735147,42948,8593,5624844,53099,34.8,0.492906477040272,0.507093522959728,0.15,0.81,0.02,0.03,6611116,0,27277728,33652068,861145,1511460.1
Calexico,0.6502365004640552,0.132,42.24373946652215,167917,28182,3104,74053,34148,31.9,0.5136482398239824,0.4863517601760176,0.68,0.75,0.06,0.1,26132804,0,79236375,104977195,2210454,3890491.49
California City,0.6575433079519254,0.149,52.20654335003,818327,29257,3963,364533,41733,30.7,0.5158313592518619,0.48416864074813815,0.61,0.71,0.07,0.08,15447887,0,36667362,51647623,1795425,2097396.07
Calimesa,0.6519685051631071,0.205,30.312794352973295,2109712,31693,5525,862701,39323,33.7,0.4976048585133362,0.5023951414866638,0.1,0.82,0.01,0.02,801322,0,3358792,4119147,81270,164924.42
Calipatria,0.6502365004640552,0.132,42.24373946652215,167917,28182,3104,74053,34148,31.9,0.5136482398239824,0.4863517601760176,0.24,0.85,0.02,0.05,824557,0,4150438,4887937,54659,159646.33
Calistoga,0.7790353151347466,0.312,60.91912329502659,134093,47613,12170,91679,46528,39.7,0.4993918701093169,0.5006081298906832,0.44,0.75,0.08,0.07,10515516,0,27803690,37063618,2015336,1639291.32
Camarillo,0.8138416978089583,0.312,62.91647578665919,806353,45937,8871,441320,48206,36.2,0.4967327326743737,0.5032672673256263,0.34,0.74,0.02,0.04,32394471,0,84043621,113441605,1742473,4299163.58
Campbell,0.7060058122206997,0.46,91.79353048081408,1740964,61220,12764,1164619,81944,36.2,0.5017006783629933,0.49829932163700674,1.03,0.72,0.1,0.15,58035187,0,147351604,203628336,5787217,8474781.12
Canyon Lake,0.6519685051631071,0.205,30.312794352973295,2109712,31693,5525,862701,39323,33.7,0.4976048585133362,0.5023951414866638,0.07,0.78,0.01,0.01,380550,0,1341381,1716394,38386,72976.73
Capitola,0.8295211204607084,0.375,42.6701387806019,256520,46909,11645,142699,42775,36.9,0.49894047609973247,0.5010595239002675,1.2,0.73,0.09,0.18,22355266,0,58968717,81332308,1770027,3289014.04
Carlsbad,0.7251714669285065,0.344,59.13658277842412,3022116,44860,9670,1882625,50388,34.6,0.5019456836836856,0.4980543163163144,0.64,0.76,0.07,0.09,181345532,0,519644297,682665442,19742095,24360704.93
Carmel-by-the-Sea,0.6775766701887825,0.232,50.36278083453606,406022,40587,9460,223750,42425,32.9,0.5142209383289524,0.4857790616710476,0.88,0.74,0.05,0.12,19908483,3220000,57241767,77163031,1317381,3024192.55
Carpinteria,0.7376324610238962,0.315,53.012658136531854,415859,45327,13688,258059,44000,33.6,0.5019780841953786,0.4980219158046214,0.52,0.74,0.03,0.07,7595683,0,21859433,29370916,510893,1084480.94
Carson,0.7442106236359122,0.295,58.53160101229083,9735147,42948,8593,5624844,53099,34.8,0.492906477040272,0.507093522959728,0.91,0.66,0.07,0.11,102185046,0,192976325,292683017,7471529,12781026.5
Cathedral City,0.6519685051631071,0.205,30.312794352973295,2109712,31693,5525,862701,39323,33.7,0.4976048585133362,0.5023951414866638,0.46,0.81,0.06,0.09,35969049,0,144674490,179677146,4569807,6817413.34
Ceres,0.7125961812482189,0.163,35.30845604991435,509032,31117,4392,223665,39473,32.9,0.4946788141968265,0.5053211858031734,0.66,0.67,0.09,NA,33114847,0,68370701.8536586,101742115.853659,4265800,NA
Cerritos,0.7442106236359122,0.295,58.53160101229083,9735147,42948,8593,5624844,53099,34.8,0.492906477040272,0.507093522959728,0.76,0.72,0.07,0.09,71386627,0,178698143,246517023,6165151,8672172.68
Chico,0.7693430199787061,0.24,33.56159774281618,219034,31896,5953,103874,35124,37.2,0.4951409090909091,0.5048590909090909,1.37,0.68,0.11,0.18,134093025,0,279964107,411595585,10517178,18024526.79
Chino,0.6748090460761734,0.18600000000000003,34.97512395601215,2003735,29988,4061,885185,41008,31.7,0.4970037489988748,0.5029962510011252,0.45,0.94,0.04,0.04,88255481,0,318109612,337072081,8078551,7635195.42
Chino Hills,0.6748090460761734,0.18600000000000003,34.97512395601215,2003735,29988,4061,885185,41008,31.7,0.4970037489988748,0.5029962510011252,0.28,0.69,0.05,NA,33213659,0,74413233.4173688,107626892.417369,5556074,NA
Chowchilla,0.6526121161585035,0.139,31.933175607816175,148359,26549,3880,59936,36146,33,0.48176846849832633,0.5182315315016737,0.64,0.7,0.06,0.04,10793945,0,25192807,35808762,1034227,602112.27
Chula Vista,0.7251714669285065,0.344,59.13658277842412,3022116,44860,9670,1882625,50388,34.6,0.5019456836836856,0.4980543163163144,1.03,0.7,0.09,0.15,334868079,0,745521335,1067041666,28267513,47119126.51
Citrus Heights,0.7350143977736597,0.27899999999999997,52.519033474417654,1394438,39207,6314,801064,51750,34.8,0.48970882189587167,0.5102911781041283,0.31,0.83,0.06,0.1,14224447,0,66548859,80574697,2803002,4368478.98
Claremont,0.7442106236359122,0.295,58.53160101229083,9735147,42948,8593,5624844,53099,34.8,0.492906477040272,0.507093522959728,1.19,0.71,0.09,0.15,51683826,4065000,122382547,172949682,4188508,7026031.8
Clayton,0.7539949308861223,0.386,90.00304785096702,1023344,58611,12481,496937,58042,38.5,0.487620409427802,0.512379590572198,0.64,0.76,0.08,0.1,4901330,0,14993380,19666361,612898,747173.27
Clearlake,0.7518285640959835,0.168,26.49795005590757,64392,29721,5516,24538,33682,45,0.5021108791463698,0.49788912085363024,0.61,0.74,0.05,0.09,7277873,0,19751830,26810881,600550,1105741.38
Cloverdale,0.7457829876765855,0.321,47.03317120807625,473091,43430,10169,276221,45078,39.9,0.49165698791844226,0.5083430120815577,0.64,0.73,0.06,0.09,9677941,0,26346884,35886936,927082,1395069.2
Clovis,0.714652135684724,0.194,37.123290788562386,909630,30549,4517,441468,37825,30.6,0.4995550540061261,0.5004449459938739,0.74,0.68,0.05,0.12,131386546,0,285241810,419738568,8389543,21519817.59
Coachella,0.6519685051631071,0.205,30.312794352973295,2109712,31693,5525,862701,39323,33.7,0.4976048585133362,0.5023951414866638,0.33,0.74,0.01,0.05,16034519,0,45856893,61569814,611480,2439991.86
Coalinga,0.714652135684724,0.194,37.123290788562386,909630,30549,4517,441468,37825,30.6,0.4995550540061261,0.5004449459938739,0.02,0.96,0.02,0.03,513017,0,11091307,11544988,437786,654155.5
Colfax,0.8313888865674386,0.34700000000000003,46.07508709356337,337568,47986,9735,198859,45005,40.3,0.4883334481333517,0.5116665518666483,0.02,0.88,0.01,0.01,97040,0,686164,778585,44554,70481.02
Colma,0.8128099776836925,0.439,83.74426637114075,703830,74932,21933,468661,72876,39.3,0.4915686664782984,0.5084313335217016,0.56,0.74,0.07,0.09,10682188,0,30591240,41089479,1264065,1706384.64
Colton,0.6748090460761734,0.18600000000000003,34.97512395601215,2003735,29988,4061,885185,41008,31.7,0.4970037489988748,0.5029962510011252,0.92,0.71,0.05,0.11,95088662,23819225,243111190,340039798,6849832,14004555.5
Colusa,0.6603425117528543,0.135,58.8751774391975,21134,38298,5241,10687,34759,33.5,0.5141229749288015,0.48587702507119845,0.42,0.72,0.03,0.06,6658780,0,17072589,23694631,526658,1014376.3
Commerce,0.7442106236359122,0.295,58.53160101229083,9735147,42948,8593,5624844,53099,34.8,0.492906477040272,0.507093522959728,0.34,0.73,0.02,0.05,30403238,0,82702654,112888837,2059096,4578301.69
Compton,0.7442106236359122,0.295,58.53160101229083,9735147,42948,8593,5624844,53099,34.8,0.492906477040272,0.507093522959728,NA,NA,NA,NA,NA,NA,NA,NA,NA,NA
Concord,0.7539949308861223,0.386,90.00304785096702,1023344,58611,12481,496937,58042,38.5,0.487620409427802,0.512379590572198,1.14,0.64,0.1,0.15,189844803,0,354524851,556565288,17285048,24549422.58
Corcoran,0.6342746931320331,0.124,34.93159767672847,152027,25392,3690,58713,40187,31.1,0.564406270018695,0.43559372998130497,0.47,0.76,0.05,0.07,8158790,0,25013766,33018831,830062,1267045.68
Corning,0.727765878189607,0.131,24.505219639892733,62648,26990,4736,23994,34328,39.5,0.4980854986370011,0.5019145013629989,0.69,0.75,0.04,0.09,6432003,1520000,19559318,26009318,507476,1071965.29
Corona,0.6519685051631071,0.205,30.312794352973295,2109712,31693,5525,862701,39323,33.7,0.4976048585133362,0.5023951414866638,0.83,0.68,0.1,0.1,259889622,0,534199998,783808740,32460632,33009579.59
Coronado,0.7251714669285065,0.344,59.13658277842412,3022116,44860,9670,1882625,50388,34.6,0.5019456836836856,0.4980543163163144,0.61,0.78,0.07,0.11,47833958,0,169742633,216399073,5195018,8650432.57
Corte Madera,0.8589735806570894,0.546,67.9644361065709,248398,90003,30928,181971,56427,44.5,0.4915514106073872,0.5084485893926128,0.63,0.73,0.05,0.09,19180989,0,50011076,68605012,1667342,2765744.58
Costa Mesa,0.8640684252298959,0.366,65.05009546614426,2957593,49785,10940,1998599,52932,36.2,0.4945731757552242,0.5054268242447758,2.09,0.63,0.14,0.26,303273871,0,493483626,789155895,20052791,37647371.14
Cotati,0.7457829876765855,0.321,47.03317120807625,473091,43430,10169,276221,45078,39.9,0.49165698791844226,0.5083430120815577,0.69,0.7,0.07,0.09,10577410,0,23907369,34051404,1153203,1340993.87
Covina,0.7442106236359122,0.295,58.53160101229083,9735147,42948,8593,5624844,53099,34.8,0.492906477040272,0.507093522959728,0.92,0.72,0.05,0.14,58104710,0,153673439,212400014,3393655,8949891.56
Crescent City,0.7119357736357512,0.138,29.971610050533407,28496,25942,4397,11294,34685,39.1,0.5559944075498078,0.4440055924501922,0.55,0.72,0.05,0.08,10325662,0,25771225,35846648,948296,1476250.55
Cudahy,0.7442106236359122,0.295,58.53160101229083,9735147,42948,8593,5624844,53099,34.8,0.492906477040272,0.507093522959728,0.3,0.71,0.01,0.04,3539977,0,8340032,11763024,101829,469071.77
Culver City,0.7442106236359122,0.295,58.53160101229083,9735147,42948,8593,5624844,53099,34.8,0.492906477040272,0.507093522959728,1.27,0.66,0.09,0.18,234345914,0,462606274,696376262,17214768,32419806.86
Cupertino,0.7060058122206997,0.46,91.79353048081408,1740964,61220,12764,1164619,81944,36.2,0.5017006783629933,0.49829932163700674,0.4,0.7,0.05,0.07,41144402,0,93476845,134356434,4807182,6892496.47
Cypress,0.8640684252298959,0.366,65.05009546614426,2957593,49785,10940,1998599,52932,36.2,0.4945731757552242,0.5054268242447758,0.96,0.75,0.08,0.15,45256290,0,134270491,179089438,3710784,6962374.72
Daly City,0.8128099776836925,0.439,83.74426637114075,703830,74932,21933,468661,72876,39.3,0.4915686664782984,0.5084313335217016,1.3,0.76,0.09,0.17,164352104,20520000,491921985,646540115,13131734,24165623.94
Dana Point,0.8640684252298959,0.366,65.05009546614426,2957593,49785,10940,1998599,52932,36.2,0.4945731757552242,0.5054268242447758,0.12,0.82,0.02,0.03,5236362,0,22523501,27618774,665655,1238947.48
Danville,0.7539949308861223,0.386,90.00304785096702,1023344,58611,12481,496937,58042,38.5,0.487620409427802,0.512379590572198,NA,NA,NA,NA,NA,NA,NA,NA,NA,NA
Davis,0.8136606500405701,0.38,56.21839780070402,197154,39974,7269,124492,46187,30.4,0.48760511628138553,0.5123948837186145,0.95,0.66,0.07,0.13,123968790,0,244919475,369523819,9096310,16991996.27
Del Mar,0.7251714669285065,0.344,59.13658277842412,3022116,44860,9670,1882625,50388,34.6,0.5019456836836856,0.4980543163163144,0.42,0.75,0.04,0.07,11919983,0,36052172,47928670,1016988,1967535.24
Del Rey Oaks,0.6775766701887825,0.232,50.36278083453606,406022,40587,9460,223750,42425,32.9,0.5142209383289524,0.4857790616710476,0.44,0.76,0.05,0.07,1551296,0,4667338,6171809,184174,233291.32
Delano,0.6575433079519254,0.149,52.20654335003,818327,29257,3963,364533,41733,30.7,0.5158313592518619,0.48416864074813815,0.27,0.71,0.04,NA,20399293,0,49513540,69552182,3060186,NA
Desert Hot Springs,0.6519685051631071,0.205,30.312794352973295,2109712,31693,5525,862701,39323,33.7,0.4976048585133362,0.5023951414866638,0.56,0.72,0.02,0.08,11703695,2101541,30308346,41869995,538756,1897684.12
Diamond Bar,0.7442106236359122,0.295,58.53160101229083,9735147,42948,8593,5624844,53099,34.8,0.492906477040272,0.507093522959728,0.17,0.8,0.01,0.04,5537585,0,21228215,26652612,418739,1171333.97
Dinuba,0.6045185610298884,0.133,31.18263476541116,429283,28708,3686,188438,33537,29.6,0.5007971884689232,0.4992028115310768,0.29,0.74,0.03,0.06,19286545,0,53410651,72460208,2289428,3832340.17
Dixon,0.6956945732923293,0.242,45.98817522960007,408972,38030,6022,178995,46543,36.9,0.4988459975226446,0.5011540024773554,0.6,0.72,0.05,0.09,21265136,0,54845206,75680775,1928676,3223846.91
Dorris,0.7847023827055046,0.231,32.44723090665476,44780,31784,6697,22084,32841,47,0.4987750556792873,0.5012249443207127,NA,NA,NA,NA,NA,NA,NA,NA,NA,NA
Dos Palos,0.6923899026027232,0.125,29.541949724193536,250538,26936,3459,90756,35639,29.6,0.5032858600509005,0.49671413994909946,0.58,0.77,0.05,0.09,2949546,0,9985316,12889130,274479,478812.21
Downey,0.7442106236359122,0.295,58.53160101229083,9735147,42948,8593,5624844,53099,34.8,0.492906477040272,0.507093522959728,1.49,0.69,0.11,0.19,186480929,16976259,413588527,601459551,14871828,25744409.67
Duarte,0.7442106236359122,0.295,58.53160101229083,9735147,42948,8593,5624844,53099,34.8,0.492906477040272,0.507093522959728,0.71,0.72,0.02,0.1,14098986,0,34314352,47816640,421885,1927843.76
Dublin,0.8130188885559002,0.411,62.71487156852657,1477208,48524,8583,903624,60165,36.6,0.4903576907720535,0.5096423092279465,0.11,0.78,0.01,0.02,14398145,0,49188175,63226319,1018096,2834031.8
Dunsmuir,0.7847023827055046,0.231,32.44723090665476,44780,31784,6697,22084,32841,47,0.4987750556792873,0.5012249443207127,0.27,0.75,0.02,0.04,1219218,0,3543792,4754646,80035,197148.36
East Palo Alto,0.8128099776836925,0.439,83.74426637114075,703830,74932,21933,468661,72876,39.3,0.4915686664782984,0.5084313335217016,0.24,0.75,0.04,0.06,10853587,0,32149523,42791808,1642560,2581354.47
Eastvale,0.6519685051631071,0.205,30.312794352973295,2109712,31693,5525,862701,39323,33.7,0.4976048585133362,0.5023951414866638,0,0.95,0,0,35121,0,572332,601844,56387,116678.25
El Cajon,0.7251714669285065,0.344,59.13658277842412,3022116,44860,9670,1882625,50388,34.6,0.5019456836836856,0.4980543163163144,1.81,0.65,0.13,0.22,190031165,0,358793914,549100127,13206060,23006339.08
El Centro,0.6502365004640552,0.132,42.24373946652215,167917,28182,3104,74053,34148,31.9,0.5136482398239824,0.4863517601760176,0.42,0.68,0.04,0.03,94101603,0,200912761,293401489,8446157,6975650.06
El Cerrito,0.7539949308861223,0.386,90.00304785096702,1023344,58611,12481,496937,58042,38.5,0.487620409427802,0.512379590572198,1.35,0.68,0.12,0.21,61775131,0,130832450,192689091,5707962,9474973.29
El Monte,0.7442106236359122,0.295,58.53160101229083,9735147,42948,8593,5624844,53099,34.8,0.492906477040272,0.507093522959728,1.48,0.73,0.17,0.16,156790205,0,374930604,514374695,18443224,16793294.19
El Segundo,0.7442106236359122,0.295,58.53160101229083,9735147,42948,8593,5624844,53099,34.8,0.492906477040272,0.507093522959728,1.24,0.65,0.05,0.16,140278839,0,263866932,404145780,5545641,17718013.16
Elk Grove,0.7350143977736597,0.27899999999999997,52.519033474417654,1394438,39207,6314,801064,51750,34.8,0.48970882189587167,0.5102911781041283,0.1,0.88,0.03,0.04,16537686,0,103238228,117228186,4283503,6208090.48
Emeryville,0.8130188885559002,0.411,62.71487156852657,1477208,48524,8583,903624,60165,36.6,0.4903576907720535,0.5096423092279465,0.64,0.76,0.05,0.06,44124875,0,89122144,117643361,3172222,4371284.04
Encinitas,0.7251714669285065,0.344,59.13658277842412,3022116,44860,9670,1882625,50388,34.6,0.5019456836836856,0.4980543163163144,0.5,0.77,0.05,0.07,56111274,0,154154905,200667636,5707848,7969065.11
Escalon,0.6505512612372483,0.179,35.11675291651531,671692,32080,4692,287022,40880,32.7,0.4979235553168949,0.5020764446831051,0.58,0.7,0.1,0.07,5646735,0,13174509,18692745,937204,707735.9
Escondido,0.7251714669285065,0.344,59.13658277842412,3022116,44860,9670,1882625,50388,34.6,0.5019456836836856,0.4980543163163144,1.06,0.7,0.09,0.15,251924841,0,579747208,822987373,22456924,36037140.77
Etna,0.7847023827055046,0.231,32.44723090665476,44780,31784,6697,22084,32841,47,0.4987750556792873,0.5012249443207127,0.18,0.83,0.02,0.05,305677,0,1417957,1715161,38523,80229.41
Eureka,0.7955847759213462,0.264,35.86541230391159,132657,31084,6269,70605,34145,37.1,0.5021058808673109,0.49789411913268905,0.93,0.65,0.07,0.11,57792623,0,108021507,165301112,4514818,6779783.69
Exeter,0.6045185610298884,0.133,31.18263476541116,429283,28708,3686,188438,33537,29.6,0.5007971884689232,0.4992028115310768,0.48,0.78,0.05,0.08,5265163,0,17038846,21931629,586271,884267.43
Fairfax,0.8589735806570894,0.546,67.9644361065709,248398,90003,30928,181971,56427,44.5,0.4915514106073872,0.5084485893926128,0.73,0.85,0.04,0.08,5318211,3493000,28810293,33722356,449322,979124.65
Fairfield,0.6956945732923293,0.242,45.98817522960007,408972,38030,6022,178995,46543,36.9,0.4988459975226446,0.5011540024773554,0.94,0.72,0.06,0.12,175703068,31871329,451283326,630633231,13512677,26465669.9
Farmersville,0.6045185610298884,0.133,31.18263476541116,429283,28708,3686,188438,33537,29.6,0.5007971884689232,0.4992028115310768,0.12,0.83,0.02,0.03,1394031,0,6181413,7489496,282522,384041.29
Ferndale,0.7955847759213462,0.264,35.86541230391159,132657,31084,6269,70605,34145,37.1,0.5021058808673109,0.49789411913268905,NA,NA,NA,NA,NA,NA,NA,NA,NA,NA
Fillmore,0.8138416978089583,0.312,62.91647578665919,806353,45937,8871,441320,48206,36.2,0.4967327326743737,0.5032672673256263,0.28,0.75,0.03,0.04,6283886,0,18418446,24467402,592572,872335.13
Firebaugh,0.714652135684724,0.194,37.123290788562386,909630,30549,4517,441468,37825,30.6,0.4995550540061261,0.5004449459938739,0.35,0.76,0.04,0.06,3913188,0,12131582,15955466,435257,668628.45
Folsom,0.7350143977736597,0.27899999999999997,52.519033474417654,1394438,39207,6314,801064,51750,34.8,0.48970882189587167,0.5102911781041283,0.9,0.65,0.09,0.13,137795425,0,270953661,417324465,13106496,19914655.26
Fontana,0.6748090460761734,0.18600000000000003,34.97512395601215,2003735,29988,4061,885185,41008,31.7,0.4970037489988748,0.5029962510011252,0.59,0.69,0.05,0.09,146180506,0,319734313,465500958,13144413,23297050.44
Fort Bragg,0.8143896212327997,0.214,35.23985914848859,87468,34608,7965,47931,34716,41.5,0.5007115128470759,0.499288487152924,0.42,0.74,0.03,0.06,9260794,755835,26616947,35804624,728681,1454580.97
Fortuna,0.7955847759213462,0.264,35.86541230391159,132657,31084,6269,70605,34145,37.1,0.5021058808673109,0.49789411913268905,0.46,0.73,0.04,0.07,9723507,0,26579881,36267739,880291,1503126.18
Foster City,0.8128099776836925,0.439,83.74426637114075,703830,74932,21933,468661,72876,39.3,0.4915686664782984,0.5084313335217016,1,0.69,0.08,0.13,81720266,0,176735935,257549725,6506323,10396276.19
Fountain Valley,0.8640684252298959,0.366,65.05009546614426,2957593,49785,10940,1998599,52932,36.2,0.4945731757552242,0.5054268242447758,1.2,0.74,0.08,0.15,82249932,15696537,224268783,304582213,6183724,11908232.92
Fowler,0.714652135684724,0.194,37.123290788562386,909630,30549,4517,441468,37825,30.6,0.4995550540061261,0.5004449459938739,0.48,0.71,0.05,0.09,4106980,0,10725015,15014957,454404,770623.85
Fremont,0.8130188885559002,0.411,62.71487156852657,1477208,48524,8583,903624,60165,36.6,0.4903576907720535,0.5096423092279465,1.19,0.69,0.1,0.17,377822524,0,825236628,1191750799,33055894,54467271.4
Fresno,0.714652135684724,0.194,37.123290788562386,909630,30549,4517,441468,37825,30.6,0.4995550540061261,0.5004449459938739,-0.24,1.13,0.04,NA,-318219533,124245000,2783664524,2465444991,34305616,NA
Fullerton,0.8640684252298959,0.366,65.05009546614426,2957593,49785,10940,1998599,52932,36.2,0.4945731757552242,0.5054268242447758,1.26,0.69,0.08,0.16,241388755,0,547340056,790177798,14610563,31529425.71
Galt,0.7350143977736597,0.27899999999999997,52.519033474417654,1394438,39207,6314,801064,51750,34.8,0.48970882189587167,0.5102911781041283,0.54,0.72,0.06,0.08,21267915,0,55022253,76183507,2217435,3279169.03
Garden Grove,0.8640684252298959,0.366,65.05009546614426,2957593,49785,10940,1998599,52932,36.2,0.4945731757552242,0.5054268242447758,1.3,0.68,0.1,0.17,283673664,0,573218946,849178803,22336835,37537243.99
Gardena,0.7442106236359122,0.295,58.53160101229083,9735147,42948,8593,5624844,53099,34.8,0.492906477040272,0.507093522959728,1.13,0.72,0.05,0.17,100311487,0,262798916,362594800,4041712,14896868.16
Gilroy,0.7060058122206997,0.46,91.79353048081408,1740964,61220,12764,1164619,81944,36.2,0.5017006783629933,0.49829932163700674,0.74,0.7,0.07,0.12,82049297,0,191951294,273547020,7703537,13034294.31
Glendale,0.7442106236359122,0.295,58.53160101229083,9735147,42948,8593,5624844,53099,34.8,0.492906477040272,0.507093522959728,0.9,0.71,0.07,0.12,580175000,0,1415482799,1983240917,46211000,78108971.68
Glendora,0.7442106236359122,0.295,58.53160101229083,9735147,42948,8593,5624844,53099,34.8,0.492906477040272,0.507093522959728,1.02,0.73,0.03,0.14,56443932,2225000,153392284,210101176,2013377,8350425.9
Goleta,0.7376324610238962,0.315,53.012658136531854,415859,45327,13688,258059,44000,33.6,0.5019780841953786,0.4980219158046214,0.07,0.83,0.01,0.02,2749352,0,13166194,15825292,591252,978822.29
Gonzales,0.6775766701887825,0.232,50.36278083453606,406022,40587,9460,223750,42425,32.9,0.5142209383289524,0.4857790616710476,0.2,0.82,0.03,0.05,2784167,0,11710823,14356142,416706,656918.76
Grand Terrace,0.6748090460761734,0.18600000000000003,34.97512395601215,2003735,29988,4061,885185,41008,31.7,0.4970037489988748,0.5029962510011252,0.54,0.7,0.04,0.06,5064768,0,11623168,16514840,391538,570376.99
Grass Valley,0.8550759617576464,0.327,36.34338085539715,98200,44033,10723,52482,39159,47.6,0.49446154469239806,0.505538455307602,0.63,0.74,0.05,0.1,18989769,1011000,52822652,71787340,1542774,3064094.22
Greenfield,0.6775766701887825,0.232,50.36278083453606,406022,40587,9460,223750,42425,32.9,0.5142209383289524,0.4857790616710476,0.28,0.77,0.04,0.06,4651302,0,15268683,19801660,639408,1059420.1
Gridley,0.7693430199787061,0.24,33.56159774281618,219034,31896,5953,103874,35124,37.2,0.4951409090909091,0.5048590909090909,0.75,0.68,0.06,0.12,11125054,0,23930816,34986840,947355,1710928.3
Grover Beach,0.8320743034055728,0.315,47.20735251053094,266358,39692,9659,154624,39377,39.4,0.5117954880079514,0.48820451199204856,0.7,0.74,0.07,0.12,12121536,0,33555356,45514682,1208949,2003022.61
Guadalupe,0.7376324610238962,0.315,53.012658136531854,415859,45327,13688,258059,44000,33.6,0.5019780841953786,0.4980219158046214,0.3,0.79,0.03,0.06,3065323,0,11254541,14304894,329839,654956.22
Gustine,0.6923899026027232,0.125,29.541949724193536,250538,26936,3459,90756,35639,29.6,0.5032858600509005,0.49671413994909946,0.46,0.73,0.05,0.07,3030661,0,8121590,11099430,308533,441946.73
Half Moon Bay,0.8128099776836925,0.439,83.74426637114075,703830,74932,21933,468661,72876,39.3,0.4915686664782984,0.5084313335217016,0.36,0.73,0.03,0.05,10901824,0,30061288,40945026,880539,1460764.24
Hanford,0.6342746931320331,0.124,34.93159767672847,152027,25392,3690,58713,40187,31.1,0.564406270018695,0.43559372998130497,0.67,0.77,0.08,0.1,49728732,0,145842285,189606257,6277823,7778181.39
Hawaiian Gardens,0.7442106236359122,0.295,58.53160101229083,9735147,42948,8593,5624844,53099,34.8,0.492906477040272,0.507093522959728,0.42,0.75,0.05,0.07,9727850,0,27418508,36712348,1181797,1554019.03
Hawthorne,0.7442106236359122,0.295,58.53160101229083,9735147,42948,8593,5624844,53099,34.8,0.492906477040272,0.507093522959728,1.21,0.73,0.08,0.15,114667546,14650000,299930165,413054725,8701722,15713117.85
Hayward,0.8130188885559002,0.411,62.71487156852657,1477208,48524,8583,903624,60165,36.6,0.4903576907720535,0.5096423092279465,1.45,0.64,0.03,0.19,414882077,0,736298038,1153749012,8966037,55985840.4
Healdsburg,0.7457829876765855,0.321,47.03317120807625,473091,43430,10169,276221,45078,39.9,0.49165698791844226,0.5083430120815577,0.79,0.73,0.06,0.11,33703985,4674599,89337167,122913679,2791313,5217749.68
Hemet,0.6519685051631071,0.205,30.312794352973295,2109712,31693,5525,862701,39323,33.7,0.4976048585133362,0.5023951414866638,1.26,0.68,0.11,0.18,97003344,0,201732060,297446778,8631527,13699871.58
Hercules,0.7539949308861223,0.386,90.00304785096702,1023344,58611,12481,496937,58042,38.5,0.487620409427802,0.512379590572198,0.49,0.73,0.05,0.07,16214467,0,42796772,58518580,1693565,2331006.16
Hermosa Beach,0.7442106236359122,0.295,58.53160101229083,9735147,42948,8593,5624844,53099,34.8,0.492906477040272,0.507093522959728,1.09,0.72,0.03,0.14,49464514,0,124077323,171667233,1543973,6305792.04
Hesperia,0.6748090460761734,0.18600000000000003,34.97512395601215,2003735,29988,4061,885185,41008,31.7,0.4970037489988748,0.5029962510011252,0.34,0.75,0.03,0.03,29486418,0,43309915,58114800,2668659,2262595.48
Hidden Hills,0.7442106236359122,0.295,58.53160101229083,9735147,42948,8593,5624844,53099,34.8,0.492906477040272,0.507093522959728,0.09,0.83,0.01,0.02,461797,0,2109101,2555372,34791,81115.37
Highland,0.6748090460761734,0.18600000000000003,34.97512395601215,2003735,29988,4061,885185,41008,31.7,0.4970037489988748,0.5029962510011252,0.12,0.77,0.01,0.02,4547512,0,14757025,19124091,515418,810469.41
Hillsborough,0.8128099776836925,0.439,83.74426637114075,703830,74932,21933,468661,72876,39.3,0.4915686664782984,0.5084313335217016,0.47,0.75,0.04,0.08,25911087,0,76842812,102692313,2412097,4398283.59
Hollister,0.7385668511505972,0.184,32.161147658798164,54267,36836,5787,21766,38918,34.3,0.4999004867104525,0.5000995132895475,0.47,0.76,0.05,0.08,31206329,0,91589962,120041617,3046562,5082806.51
Hughson,0.7125961812482189,0.163,35.30845604991435,509032,31117,4392,223665,39473,32.9,0.4946788141968265,0.5053211858031734,0.3,0.73,0.02,0.04,3139177,0,8440344,11517113,250403,436297.16
Huntington Beach,0.8640684252298959,0.366,65.05009546614426,2957593,49785,10940,1998599,52932,36.2,0.4945731757552242,0.5054268242447758,1.81,0.7,0.12,0.24,429641000,0,969493372,1393451316,27836000,55877721.61
Huntington Park,0.7442106236359122,0.295,58.53160101229083,9735147,42948,8593,5624844,53099,34.8,0.492906477040272,0.507093522959728,1.48,0.72,0.04,0.15,56911271,15200000,144991029,202285647,2047212,7446526.85
Huron,0.714652135684724,0.194,37.123290788562386,909630,30549,4517,441468,37825,30.6,0.4995550540061261,0.5004449459938739,NA,NA,NA,NA,NA,NA,NA,NA,NA,NA
Imperial,0.6502365004640552,0.132,42.24373946652215,167917,28182,3104,74053,34148,31.9,0.5136482398239824,0.4863517601760176,0.19,0.77,0.01,0.04,4207276,0,14070637,18180130,298674,901990.96
Imperial Beach,0.7251714669285065,0.344,59.13658277842412,3022116,44860,9670,1882625,50388,34.6,0.5019456836836856,0.4980543163163144,0.46,0.76,0.04,0.06,12418086,0,39573373,51912613,1075321,1690424.09
Indian Wells,0.6519685051631071,0.205,30.312794352973295,2109712,31693,5525,862701,39323,33.7,0.4976048585133362,0.5023951414866638,0.04,1,0.02,0.01,1526915,0,28335386,28409159,974198,398912.82
Indio,0.6519685051631071,0.205,30.312794352973295,2109712,31693,5525,862701,39323,33.7,0.4976048585133362,0.5023951414866638,0.51,0.7,0.05,0.08,66126814,0,149889247,214716661,6094961,9953096.04
Industry,0.7442106236359122,0.295,58.53160101229083,9735147,42948,8593,5624844,53099,34.8,0.492906477040272,0.507093522959728,0.05,1,0,0,8994206,0,29370785,29226164,227031,267928.02
Inglewood,0.7442106236359122,0.295,58.53160101229083,9735147,42948,8593,5624844,53099,34.8,0.492906477040272,0.507093522959728,1.46,0.7,0.07,0.15,254939675,86551302,599586451,857969034,16942134,35141219.9
Ione,0.8293210711387612,0.188,40.23075716377327,38248,34106,7969,19626,37570,48.2,0.5447218503058465,0.4552781496941535,0.38,0.69,0.05,0.05,2842254,0,5992774,8722340,355084,399263.86
Irvine,0.8640684252298959,0.366,65.05009546614426,2957593,49785,10940,1998599,52932,36.2,0.4945731757552242,0.5054268242447758,0.31,0.79,0.05,0.06,151025000,0,565774306,713777601,24283000,28635911.18
Irwindale,0.7442106236359122,0.295,58.53160101229083,9735147,42948,8593,5624844,53099,34.8,0.492906477040272,0.507093522959728,0.76,0.82,0.07,0.07,23073791,0,73290718,89004942,2247217,2260478.29
Isleton,0.7350143977736597,0.27899999999999997,52.519033474417654,1394438,39207,6314,801064,51750,34.8,0.48970882189587167,0.5102911781041283,NA,NA,NA,NA,NA,NA,NA,NA,NA,NA
Jackson,0.8293210711387612,0.188,40.23075716377327,38248,34106,7969,19626,37570,48.2,0.5447218503058465,0.4552781496941535,0.67,0.71,0.06,0.09,6376957,0,15186339,21471445,542046,881689.14
Jurupa Valley,0.6519685051631071,0.205,30.312794352973295,2109712,31693,5525,862701,39323,33.7,0.4976048585133362,0.5023951414866638,NA,NA,NA,NA,NA,NA,NA,NA,NA,NA
Kerman,0.714652135684724,0.194,37.123290788562386,909630,30549,4517,441468,37825,30.6,0.4995550540061261,0.5004449459938739,0.2,0.8,0.02,0.05,3243964,0,13287832,16509614,393426,841660.7
King City,0.6775766701887825,0.232,50.36278083453606,406022,40587,9460,223750,42425,32.9,0.5142209383289524,0.4857790616710476,0.44,0.75,0.04,0.07,5807958,0,17465114,23152090,476674,894867.28
Kingsburg,0.714652135684724,0.194,37.123290788562386,909630,30549,4517,441468,37825,30.6,0.4995550540061261,0.5004449459938739,0.46,0.71,0.05,0.08,7365800,0,17483514,24739036,795513,1272895.15
La Canada Flintridge,0.7442106236359122,0.295,58.53160101229083,9735147,42948,8593,5624844,53099,34.8,0.492906477040272,0.507093522959728,0.15,0.79,0.02,0.03,3270893,0,12032675,15242389,333771,649166.62
La Habra,0.8640684252298959,0.366,65.05009546614426,2957593,49785,10940,1998599,52932,36.2,0.4945731757552242,0.5054268242447758,0.87,0.72,0.06,0.12,79371703,0,200624862,280205797,5789097,10910562.82
La Habra Heights,0.7442106236359122,0.295,58.53160101229083,9735147,42948,8593,5624844,53099,34.8,0.492906477040272,0.507093522959728,0.22,0.82,0.03,0.05,1230710,0,5248393,6431393,137248,291268.13
La Mesa,0.7251714669285065,0.344,59.13658277842412,3022116,44860,9670,1882625,50388,34.6,0.5019456836836856,0.4980543163163144,1.31,0.69,0.11,0.2,89048567,0,203208128,296145363,7285540,13928082.8
La Mirada,0.7442106236359122,0.295,58.53160101229083,9735147,42948,8593,5624844,53099,34.8,0.492906477040272,0.507093522959728,0.29,0.78,0.03,0.04,14471965,0,51392097,65664433,1420299,2069479.86
La Palma,0.8640684252298959,0.366,65.05009546614426,2957593,49785,10940,1998599,52932,36.2,0.4945731757552242,0.5054268242447758,1.07,0.8,0.08,0.14,18141407,0,60382238,75879824,1339988,2360129.09
La Puente,0.7442106236359122,0.295,58.53160101229083,9735147,42948,8593,5624844,53099,34.8,0.492906477040272,0.507093522959728,0.34,0.69,0.02,0.05,6915558,0,15554365,22399861,458034,948622.87
La Quinta,0.6519685051631071,0.205,30.312794352973295,2109712,31693,5525,862701,39323,33.7,0.4976048585133362,0.5023951414866638,0.18,0.74,0.02,0.03,12612523,0,35948521,48353208,1061439,1977015.08
La Verne,0.7442106236359122,0.295,58.53160101229083,9735147,42948,8593,5624844,53099,34.8,0.492906477040272,0.507093522959728,0.95,0.72,0.08,0.06,51266006,0,133707619,185142295,4280435,2986614.97
Lafayette,0.7539949308861223,0.386,90.00304785096702,1023344,58611,12481,496937,58042,38.5,0.487620409427802,0.512379590572198,NA,NA,NA,NA,NA,NA,NA,NA,NA,NA
Laguna Beach,0.8640684252298959,0.366,65.05009546614426,2957593,49785,10940,1998599,52932,36.2,0.4945731757552242,0.5054268242447758,0.6,0.76,0.06,0.1,65919168,0,205443966,268974329,6365025,11325202.39
Laguna Hills,0.8640684252298959,0.366,65.05009546614426,2957593,49785,10940,1998599,52932,36.2,0.4945731757552242,0.5054268242447758,0.15,0.82,0.02,0.03,3610550,0,15895502,19418967,378900,754272.93
Laguna Niguel,0.8640684252298959,0.366,65.05009546614426,2957593,49785,10940,1998599,52932,36.2,0.4945731757552242,0.5054268242447758,0.15,0.79,0.01,0.03,7784390,0,28681313,36317350,472242,1517745
Laguna Woods,0.8640684252298959,0.366,65.05009546614426,2957593,49785,10940,1998599,52932,36.2,0.4945731757552242,0.5054268242447758,0.01,0.97,0.01,0.01,112334,0,2753621,2849205,62659,88559.63
Lake Elsinore,0.6519685051631071,0.205,30.312794352973295,2109712,31693,5525,862701,39323,33.7,0.4976048585133362,0.5023951414866638,0.13,0.74,0.01,0.02,12189277,0,33416606,45102887,1397703,1821152.37
Lake Forest,0.8640684252298959,0.366,65.05009546614426,2957593,49785,10940,1998599,52932,36.2,0.4945731757552242,0.5054268242447758,0.03,1.03,0.01,0.01,2003930,0,30552899,29668643,509038,710205.32
Lakeport,0.7518285640959835,0.168,26.49795005590757,64392,29721,5516,24538,33682,45,0.5021108791463698,0.49788912085363024,0.66,0.79,0.03,0.08,6657708,2502997,25033393,31658236,478490,1090282.01
Lakewood,0.7442106236359122,0.295,58.53160101229083,9735147,42948,8593,5624844,53099,34.8,0.492906477040272,0.507093522959728,0.48,0.78,0.02,0.07,35022074,0,121922863,156895235,1645864,4858699.66
Lancaster,0.7442106236359122,0.295,58.53160101229083,9735147,42948,8593,5624844,53099,34.8,0.492906477040272,0.507093522959728,0.38,0.69,0.03,0.06,57734586,0,128899509,186792049,5038379,8532370.89
Larkspur,0.8589735806570894,0.546,67.9644361065709,248398,90003,30928,181971,56427,44.5,0.4915514106073872,0.5084485893926128,0.61,0.74,0.05,0.1,15739557,0,45657839,61428173,1318915,2517706.83
Lathrop,0.6505512612372483,0.179,35.11675291651531,671692,32080,4692,287022,40880,32.7,0.4979235553168949,0.5020764446831051,0.09,0.81,0.01,0.02,5199968,0,21020178,26096612,465746,1237804.29
Lawndale,0.7442106236359122,0.295,58.53160101229083,9735147,42948,8593,5624844,53099,34.8,0.492906477040272,0.507093522959728,0.41,0.78,0.03,0.07,7233212,0,24579158,31697572,600369,1162164.98
Lemon Grove,0.7251714669285065,0.344,59.13658277842412,3022116,44860,9670,1882625,50388,34.6,0.5019456836836856,0.4980543163163144,0.32,0.78,0.04,0.06,7685061,0,26637608,34195167,894949,1504290.12
Lemoore,0.6342746931320331,0.124,34.93159767672847,152027,25392,3690,58713,40187,31.1,0.564406270018695,0.43559372998130497,0.42,0.76,0.04,0.07,12347424,0,39339362,51592757,1316527,2179405.54
Lincoln,0.8313888865674386,0.34700000000000003,46.07508709356337,337568,47986,9735,198859,45005,40.3,0.4883334481333517,0.5116665518666483,0.26,0.75,0.03,0.05,21472079,0,63196288,84183283,2387695,3893540.19
Lindsay,0.6045185610298884,0.133,31.18263476541116,429283,28708,3686,188438,33537,29.6,0.5007971884689232,0.4992028115310768,0.73,0.74,0.08,0.1,9168480,0,24744740,33584653,1021760,1272318.68
Live Oak,0.690717712881643,0.184,37.36422140535933,93855,34285,5294,38431,35668,34.5,0.49612083979860033,0.5038791602013997,0.15,0.74,0.02,0.02,1824719,0,4976419,6716105,246864,266540.31
Livermore,0.8130188885559002,0.411,62.71487156852657,1477208,48524,8583,903624,60165,36.6,0.4903576907720535,0.5096423092279465,0.58,0.73,0.06,0.09,121120149,0,318099999,435652704,11598975,18467778.69
Livingston,0.6923899026027232,0.125,29.541949724193536,250538,26936,3459,90756,35639,29.6,0.5032858600509005,0.49671413994909946,0.31,0.77,0.03,0.06,5751838,0,18726481,24402565,502382,1079468.03
Lodi,0.6505512612372483,0.179,35.11675291651531,671692,32080,4692,287022,40880,32.7,0.4979235553168949,0.5020764446831051,0.76,0.65,0.05,0.1,135928331,0,256730896,393016747,9171033,17296423.49
Loma Linda,0.6748090460761734,0.18600000000000003,34.97512395601215,2003735,29988,4061,885185,41008,31.7,0.4970037489988748,0.5029962510011252,0.43,0.75,0.04,0.06,16250803,0,47818899,63912073,1526424,2161064.64
Lomita,0.7442106236359122,0.295,58.53160101229083,9735147,42948,8593,5624844,53099,34.8,0.492906477040272,0.507093522959728,0.48,0.72,0.04,0.06,9009203,0,21041107,29144192,799367,1154585.18
Lompoc,0.7376324610238962,0.315,53.012658136531854,415859,45327,13688,258059,44000,33.6,0.5019780841953786,0.4980219158046214,0.8,0.71,0.07,0.12,82464700,0,206786302,292038469,6844107,12461847.6
Long Beach,0.7442106236359122,0.295,58.53160101229083,9735147,42948,8593,5624844,53099,34.8,0.492906477040272,0.507093522959728,0.57,0.79,0.05,0.09,1056334000,19283000,4078326513,5134661868,99715000,177142799.16
Loomis,0.8313888865674386,0.34700000000000003,46.07508709356337,337568,47986,9735,198859,45005,40.3,0.4883334481333517,0.5116665518666483,0.16,0.9,0.01,0.02,1205984,0,5011983,5582261,45298,176882.51
Los Alamitos,0.8640684252298959,0.366,65.05009546614426,2957593,49785,10940,1998599,52932,36.2,0.4945731757552242,0.5054268242447758,1.28,0.74,0.1,0.19,18846694,0,53049705,71903318,1454805,2765665.62
Los Altos,0.7060058122206997,0.46,91.79353048081408,1740964,61220,12764,1164619,81944,36.2,0.5017006783629933,0.49829932163700674,0.7,0.73,0.06,0.11,36185071,0,97984170,134126262,3160073,5677251.68
Los Altos Hills,0.7060058122206997,0.46,91.79353048081408,1740964,61220,12764,1164619,81944,36.2,0.5017006783629933,0.49829932163700674,0.22,0.87,0.11,0.03,3400941,0,12836645,14727048,1640692,439292.32
Los Angeles,0.7442106236359122,0.295,58.53160101229083,9735147,42948,8593,5624844,53099,34.8,0.492906477040272,0.507093522959728,0.53,0.84,0.08,NA,8438197000,0,43491137000,51929334000,1335339000,NA
Los Banos,0.6923899026027232,0.125,29.541949724193536,250538,26936,3459,90756,35639,29.6,0.5032858600509005,0.49671413994909946,0.43,0.74,0.06,0.08,22419524,0,60907880,82703949,2960775,3978189.05
Los Gatos,0.7060058122206997,0.46,91.79353048081408,1740964,61220,12764,1164619,81944,36.2,0.5017006783629933,0.49829932163700674,1.22,0.72,0.11,0.18,53204508,0,139711753,193339744,4620844,7994226.99
Loyalton,0.9228628230616304,0.16699999999999998,28.908132530120483,3320,28239,5979,1234,32690,50.9,0.5080246913580246,0.4919753086419753,NA,NA,NA,NA,NA,NA,NA,NA,NA,NA
Lynwood,0.7442106236359122,0.295,58.53160101229083,9735147,42948,8593,5624844,53099,34.8,0.492906477040272,0.507093522959728,0.56,0.73,0.01,0.06,36832099,0,85731178,117995702,481149,3697658.91
Madera,0.6526121161585035,0.139,31.933175607816175,148359,26549,3880,59936,36146,33,0.48176846849832633,0.5182315315016737,0.66,0.7,0.06,0.1,45385894,0,105659515,151568164,4336786,6698526.27
Malibu,0.7442106236359122,0.295,58.53160101229083,9735147,42948,8593,5624844,53099,34.8,0.492906477040272,0.507093522959728,0.1,0.8,0.01,0.02,5545643,0,21324237,26762799,753756,1354251.59
Mammoth Lakes,0.7002812792999271,0.29100000000000004,65.76619535420575,13862,39240,9491,10159,35623,37.2,0.5314744402196874,0.46852555978031263,0.51,0.7,0.04,0.06,21463818,0,49325236,70370003,1889553,2670208.67
Manhattan Beach,0.7442106236359122,0.295,58.53160101229083,9735147,42948,8593,5624844,53099,34.8,0.492906477040272,0.507093522959728,0.71,0.76,0.06,0.13,74711389,0,234810786,309740189,6654361,13196690.99
Manteca,0.6505512612372483,0.179,35.11675291651531,671692,32080,4692,287022,40880,32.7,0.4979235553168949,0.5020764446831051,0.68,0.68,0.06,0.1,112754563,0,230415503,339681477,10522989,16327756.58
Maricopa,0.6575433079519254,0.149,52.20654335003,818327,29257,3963,364533,41733,30.7,0.5158313592518619,0.48416864074813815,NA,NA,NA,NA,NA,NA,NA,NA,NA,NA
Marina,0.6775766701887825,0.232,50.36278083453606,406022,40587,9460,223750,42425,32.9,0.5142209383289524,0.4857790616710476,0.46,0.76,0.06,0.08,18897109,145000,60532547,79494697,2524388,3343168.74
Martinez,0.7539949308861223,0.386,90.00304785096702,1023344,58611,12481,496937,58042,38.5,0.487620409427802,0.512379590572198,0.85,0.72,0.08,0.11,40989108,0,102476444,142887180,3695280,5472454.64
Marysville,0.6554745811224377,0.136,34.93014086076937,71773,30642,4017,27011,43891,32.1,0.5038043101656157,0.49619568983438433,1,0.7,0.08,0.13,14454965,0,33228710,47691592,1122472,1830479.5
Maywood,0.7442106236359122,0.295,58.53160101229083,9735147,42948,8593,5624844,53099,34.8,0.492906477040272,0.507093522959728,1.23,0.61,0.08,0.13,17433755,0,27514780,44901008,1093578,1851992.6
McFarland,0.6575433079519254,0.149,52.20654335003,818327,29257,3963,364533,41733,30.7,0.5158313592518619,0.48416864074813815,NA,NA,NA,NA,NA,NA,NA,NA,NA,NA
Mendota,0.714652135684724,0.194,37.123290788562386,909630,30549,4517,441468,37825,30.6,0.4995550540061261,0.5004449459938739,0,1.03,0.01,0.01,0,0,146054,141788,74542,121497.88
Menifee,0.6519685051631071,0.205,30.312794352973295,2109712,31693,5525,862701,39323,33.7,0.4976048585133362,0.5023951414866638,0.01,0.92,0,0.01,551431,0,5680560,6180399,524088,591284.67
Menlo Park,0.8128099776836925,0.439,83.74426637114075,703830,74932,21933,468661,72876,39.3,0.4915686664782984,0.5084313335217016,0.59,0.76,0.06,0.1,57357994,0,175978902,231587825,5554618,9731908.25
Merced,0.6923899026027232,0.125,29.541949724193536,250538,26936,3459,90756,35639,29.6,0.5032858600509005,0.49671413994909946,0.75,0.73,0.06,0.11,83699839,4350000,227456379,311636377,7122814,13280847.12
Mill Valley,0.8589735806570894,0.546,67.9644361065709,248398,90003,30928,181971,56427,44.5,0.4915514106073872,0.5084485893926128,0.82,0.75,0.07,0.12,38221086,3170000,112462480,150653761,3278220,6138641.99
Millbrae,0.8128099776836925,0.439,83.74426637114075,703830,74932,21933,468661,72876,39.3,0.4915686664782984,0.5084313335217016,1.09,0.71,0.06,0.11,48739905,13725187,116541154,165289968,3312932,6206296.6
Milpitas,0.7060058122206997,0.46,91.79353048081408,1740964,61220,12764,1164619,81944,36.2,0.5017006783629933,0.49829932163700674,0.99,0.67,0.08,0.13,186770421,0,388059299,575155380,15491069,25408802.72
Mission Viejo,0.8640684252298959,0.366,65.05009546614426,2957593,49785,10940,1998599,52932,36.2,0.4945731757552242,0.5054268242447758,0.29,0.77,0.03,0.05,21733300,0,68649273,88649132,2237110,3781967.01
Modesto,0.7125961812482189,0.163,35.30845604991435,509032,31117,4392,223665,39473,32.9,0.4946788141968265,0.5053211858031734,0.87,0.7,0.06,0.13,312416341,0,744728205,1059719704,22562604,45279407.25
Monrovia,0.7442106236359122,0.295,58.53160101229083,9735147,42948,8593,5624844,53099,34.8,0.492906477040272,0.507093522959728,3.03,1.01,0.12,0.07,100091789,110190000,315427984,313126189,8194751,4844654.35
Montague,0.7847023827055046,0.231,32.44723090665476,44780,31784,6697,22084,32841,47,0.4987750556792873,0.5012249443207127,0.17,0.82,0.01,0.03,311874,0,1407782,1715892,18924,63995.74
Montclair,0.6748090460761734,0.18600000000000003,34.97512395601215,2003735,29988,4061,885185,41008,31.7,0.4970037489988748,0.5029962510011252,1.46,0.7,0.1,0.2,66958093,0,156226062,224701815,4769185,9057630.28
Monte Sereno,0.7060058122206997,0.46,91.79353048081408,1740964,61220,12764,1164619,81944,36.2,0.5017006783629933,0.49829932163700674,0.15,0.92,0.02,0.04,513753,0,4670074,5078581,59622,142323.45
Montebello,0.7442106236359122,0.295,58.53160101229083,9735147,42948,8593,5624844,53099,34.8,0.492906477040272,0.507093522959728,1.22,0.7,0.09,0.16,135834407,0,310211004,444737712,10491982,18221999.15
Monterey,0.6775766701887825,0.232,50.36278083453606,406022,40587,9460,223750,42425,32.9,0.5142209383289524,0.4857790616710476,1.1,0.68,0.03,0.17,144836746,0,307573142,452411685,4480650,21832413.28
Monterey Park,0.7442106236359122,0.295,58.53160101229083,9735147,42948,8593,5624844,53099,34.8,0.492906477040272,0.507093522959728,1.28,0.72,0.1,0.17,99610760,13075000,256585810,356612756,8875167,15182547.29
Moorpark,0.8138416978089583,0.312,62.91647578665919,806353,45937,8871,441320,48206,36.2,0.4967327326743737,0.5032672673256263,0.13,1.01,0.03,0.02,3959121,0,35469227,34945609,819439,691725.97
Moraga,0.7539949308861223,0.386,90.00304785096702,1023344,58611,12481,496937,58042,38.5,0.487620409427802,0.512379590572198,0.38,0.77,0.02,0.07,6156875,0,21025998,27161465,274211,1193142.5
Moreno Valley,0.6519685051631071,0.205,30.312794352973295,2109712,31693,5525,862701,39323,33.7,0.4976048585133362,0.5023951414866638,0.35,0.67,0.03,0.05,72410028,0,139792584,207884851,5738708,10514666.92
Morgan Hill,0.7060058122206997,0.46,91.79353048081408,1740964,61220,12764,1164619,81944,36.2,0.5017006783629933,0.49829932163700674,0.5,0.73,0.06,0.1,45062944,0,123577583,169468028,5060556,8711032.36
Morro Bay,0.8320743034055728,0.315,47.20735251053094,266358,39692,9659,154624,39377,39.4,0.5117954880079514,0.48820451199204856,0.78,0.73,0.03,0.11,24614259,685,64393092,88299245,875670,3578442.34
Mountain View,0.7060058122206997,0.46,91.79353048081408,1740964,61220,12764,1164619,81944,36.2,0.5017006783629933,0.49829932163700674,0.63,0.72,0.06,0.09,230222000,0,567660102,783882511,20419000,34897280.45
Mt. Shasta,0.7847023827055046,0.231,32.44723090665476,44780,31784,6697,22084,32841,47,0.4987750556792873,0.5012249443207127,0.47,0.76,0.04,0.08,3660325,0,11650145,15266738,326891,633886.31
Murrieta,0.6519685051631071,0.205,30.312794352973295,2109712,31693,5525,862701,39323,33.7,0.4976048585133362,0.5023951414866638,0.48,0.77,0.07,0.08,44519908,0,109806451,142160711,6519078,7053708.23
Napa,0.7790353151347466,0.312,60.91912329502659,134093,47613,12170,91679,46528,39.7,0.4993918701093169,0.5006081298906832,0.79,0.66,0.08,0.11,167593585,0,325522542,496107167,17267751,24050664.99
National City,0.7251714669285065,0.344,59.13658277842412,3022116,44860,9670,1882625,50388,34.6,0.5019456836836856,0.4980543163163144,1.1,0.69,0.1,0.16,100576938,0,228914556,331805265,8792284,14833342.48
Needles,0.6748090460761734,0.18600000000000003,34.97512395601215,2003735,29988,4061,885185,41008,31.7,0.4970037489988748,0.5029962510011252,0.18,0.8,0.02,0.03,4077526,0,16100925,20012816,391481,743531.89
Nevada City,0.8550759617576464,0.327,36.34338085539715,98200,44033,10723,52482,39159,47.6,0.49446154469239806,0.505538455307602,0.51,0.74,0.03,0.09,4744191,0,13635137,18387990,266657,795410.85
Newark,0.8130188885559002,0.411,62.71487156852657,1477208,48524,8583,903624,60165,36.6,0.4903576907720535,0.5096423092279465,1.37,0.66,0.1,0.18,101929323,0,199611077,302239197,7704010,13396541.55
Newman,0.7125961812482189,0.163,35.30845604991435,509032,31117,4392,223665,39473,32.9,0.4946788141968265,0.5053211858031734,0.47,0.72,0.07,0.07,5473849,0,13606045,18946306,822534,869054.9
Newport Beach,0.8640684252298959,0.366,65.05009546614426,2957593,49785,10940,1998599,52932,36.2,0.4945731757552242,0.5054268242447758,1.18,0.68,0.12,0.16,325643111,0,673317415,983800222,33448689,44982826.64
Norco,0.6519685051631071,0.205,30.312794352973295,2109712,31693,5525,862701,39323,33.7,0.4976048585133362,0.5023951414866638,0.44,0.7,0.03,0.05,19490441,0,45711114,64873602,1466344,2226242.72
Norwalk,0.7442106236359122,0.295,58.53160101229083,9735147,42948,8593,5624844,53099,34.8,0.492906477040272,0.507093522959728,0.55,0.72,0.04,0.08,52534941,0,130160489,181687839,4252350,7500995.74
Novato,0.8589735806570894,0.546,67.9644361065709,248398,90003,30928,181971,56427,44.5,0.4915514106073872,0.5084485893926128,1.23,0.76,0.07,0.14,47489946,18599366,154382808,201890006,3852561,7493693.17
Oakdale,0.7125961812482189,0.163,35.30845604991435,509032,31117,4392,223665,39473,32.9,0.4946788141968265,0.5053211858031734,0.78,0.73,0.05,0.1,23428400,2519100,62363615,85817946,1657298,3226699.31
Oakland,0.8130188885559002,0.411,62.71487156852657,1477208,48524,8583,903624,60165,36.6,0.4903576907720535,0.5096423092279465,1.7,0.66,0.14,0.17,1703925000,407951000,3606668295,5494606193,168272000,213937731.55
Oakley,0.7539949308861223,0.386,90.00304785096702,1023344,58611,12481,496937,58042,38.5,0.487620409427802,0.512379590572198,0.05,0.82,0.03,0.04,2059612,0,8881697,10860577,986847,1381081.21
Oceanside,0.7251714669285065,0.344,59.13658277842412,3022116,44860,9670,1882625,50388,34.6,0.5019456836836856,0.4980543163163144,0.72,0.76,0.06,0.1,244166806,26660000,718416784,946617649,24381485,38087865.12
Ojai,0.8138416978089583,0.312,62.91647578665919,806353,45937,8871,441320,48206,36.2,0.4967327326743737,0.5032672673256263,0.46,0.73,0.05,0.06,5394741,0,13732265,18882932,586485,696680.58
Ontario,0.6748090460761734,0.18600000000000003,34.97512395601215,2003735,29988,4061,885185,41008,31.7,0.4970037489988748,0.5029962510011252,0.56,0.73,0.05,0.1,268431026,0,739925428,1012499811,26208003,47960377.46
Orange,0.8640684252298959,0.366,65.05009546614426,2957593,49785,10940,1998599,52932,36.2,0.4945731757552242,0.5054268242447758,1.56,0.7,0.12,0.21,263996533,0,627549436,891358024,20768531,36193842.1
Orange Cove,0.714652135684724,0.194,37.123290788562386,909630,30549,4517,441468,37825,30.6,0.4995550540061261,0.5004449459938739,0.04,0.97,0.02,0.04,334714,0,7835707,8081308,195039,350885.3
Orinda,0.7539949308861223,0.386,90.00304785096702,1023344,58611,12481,496937,58042,38.5,0.487620409427802,0.512379590572198,NA,NA,NA,NA,NA,NA,NA,NA,NA,NA
Orland,0.7070241347905283,0.154,37.95106891752025,28019,30006,4650,11795,34368,35.3,0.5046227153118555,0.4953772846881445,0.71,0.73,0.05,0.1,5761376,814100,15887457,21629331,493433,922972.93
Oroville,0.7693430199787061,0.24,33.56159774281618,219034,31896,5953,103874,35124,37.2,0.4951409090909091,0.5048590909090909,1.15,0.74,0.06,0.14,21705655,4010000,61720290,83600896,1416929,3178016.77
Oxnard,0.8138416978089583,0.312,62.91647578665919,806353,45937,8871,441320,48206,36.2,0.4967327326743737,0.5032672673256263,0.8,0.74,0.08,0.12,301098307,0,813388654,1103810587,30633251,43866198.47
Pacific Grove,0.6775766701887825,0.232,50.36278083453606,406022,40587,9460,223750,42425,32.9,0.5142209383289524,0.4857790616710476,1.68,0.71,0.07,0.16,39440944,14680804,99304058,138983366,2392372,5174987.12
Pacifica,0.8128099776836925,0.439,83.74426637114075,703830,74932,21933,468661,72876,39.3,0.4915686664782984,0.5084313335217016,1.08,0.78,0.07,0.14,50800672,10035001,173298451,223323834,4091491,7964549.51
Palm Desert,0.6519685051631071,0.205,30.312794352973295,2109712,31693,5525,862701,39323,33.7,0.4976048585133362,0.5023951414866638,0.39,0.73,0.04,0.05,38965978,0,95138442,129976022,4219764,4648890.6
Palm Springs,0.6519685051631071,0.205,30.312794352973295,2109712,31693,5525,862701,39323,33.7,0.4976048585133362,0.5023951414866638,0.99,0.68,0.07,0.12,167874462,20011558,341470447,505101604,13718329,23054281.8
Palmdale,0.7442106236359122,0.295,58.53160101229083,9735147,42948,8593,5624844,53099,34.8,0.492906477040272,0.507093522959728,0.34,0.75,0.03,0.05,42266965,0,127867280,171085845,3509493,6570334.81
Palo Alto,0.7060058122206997,0.46,91.79353048081408,1740964,61220,12764,1164619,81944,36.2,0.5017006783629933,0.49829932163700674,0.75,0.66,0.06,0.11,415112000,0,826841137,1250737476,34255000,58895518.77
Palos Verdes Estates,0.7442106236359122,0.295,58.53160101229083,9735147,42948,8593,5624844,53099,34.8,0.492906477040272,0.507093522959728,0.87,0.75,0.07,0.14,15040247,0,45045988,60218533,1202046,2456300.63
Paradise,0.7693430199787061,0.24,33.56159774281618,219034,31896,5953,103874,35124,37.2,0.4951409090909091,0.5048590909090909,1.48,0.72,0.07,0.13,21713980,10389129,55939164,77773799,1458470,2870598.6
Paramount,0.7442106236359122,0.295,58.53160101229083,9735147,42948,8593,5624844,53099,34.8,0.492906477040272,0.507093522959728,0.51,0.75,0.06,0.08,22896454,0,64787730,85973150,2644757,3432566.74
Parlier,0.714652135684724,0.194,37.123290788562386,909630,30549,4517,441468,37825,30.6,0.4995550540061261,0.5004449459938739,0.08,0.79,0.01,0.02,1796031,0,6613662,8375530,193422,478100.27
Pasadena,0.7442106236359122,0.295,58.53160101229083,9735147,42948,8593,5624844,53099,34.8,0.492906477040272,0.507093522959728,0.95,0.74,0.07,0.11,505523745,117412025,1414657010,1907791701,45880982,71223256.17
Paso Robles,0.8320743034055728,0.315,47.20735251053094,266358,39692,9659,154624,39377,39.4,0.5117954880079514,0.48820451199204856,0.56,0.71,0.06,0.09,41400333,0,96547724,136245561,4153795,6236606.57
Patterson,0.7125961812482189,0.163,35.30845604991435,509032,31117,4392,223665,39473,32.9,0.4946788141968265,0.5053211858031734,0.22,0.77,0.03,0.05,8660094,0,28321498,36714455,1294042,1824091.71
Perris,0.6519685051631071,0.205,30.312794352973295,2109712,31693,5525,862701,39323,33.7,0.4976048585133362,0.5023951414866638,0.11,0.75,0.01,0.02,12958547,0,38273396,51244365,1045038,2240380.03
Petaluma,0.7457829876765855,0.321,47.03317120807625,473091,43430,10169,276221,45078,39.9,0.49165698791844226,0.5083430120815577,0.83,0.71,0.13,0.12,99057137,0,227056533,318093714,15792022,14079706.34
Pico Rivera,0.7442106236359122,0.295,58.53160101229083,9735147,42948,8593,5624844,53099,34.8,0.492906477040272,0.507093522959728,0.45,0.67,0.04,0.06,35551822,0,73708722,109644042,2911582,4782145.44
Piedmont,0.8130188885559002,0.411,62.71487156852657,1477208,48524,8583,903624,60165,36.6,0.4903576907720535,0.5096423092279465,0.48,0.86,0.07,0.13,15482420,2484000,98316964,113852198,2521862,4716958.82
Pinole,0.7539949308861223,0.386,90.00304785096702,1023344,58611,12481,496937,58042,38.5,0.487620409427802,0.512379590572198,0.84,0.73,0.06,0.11,31369644,3436175,83426601,114843538,2298114,4591967.19
Pismo Beach,0.8320743034055728,0.315,47.20735251053094,266358,39692,9659,154624,39377,39.4,0.5117954880079514,0.48820451199204856,0.45,0.77,0.05,0.06,18750306,0,53592741,69481589,2166482,2633447.77
Pittsburg,0.7539949308861223,0.386,90.00304785096702,1023344,58611,12481,496937,58042,38.5,0.487620409427802,0.512379590572198,0.78,0.76,0.04,0.07,55985750,34030018,153546002,201620559,4927620,8609180.36
Placentia,0.8640684252298959,0.366,65.05009546614426,2957593,49785,10940,1998599,52932,36.2,0.4945731757552242,0.5054268242447758,0.89,0.73,0.09,0.12,41111875,0,106595312,146779766,3967425,5515342.42
Placerville,0.869937250427838,0.313,34.68516885291655,179150,48380,8844,84628,41433,43.6,0.5002319698660098,0.49976803013399024,0.81,0.67,0.06,0.11,18427971,0,37935677,56301156,1460603,2560526.56
Pleasant Hill,0.7539949308861223,0.386,90.00304785096702,1023344,58611,12481,496937,58042,38.5,0.487620409427802,0.512379590572198,1.1,0.74,0.09,0.17,39978270,0,111224575,151146147,3127536,5991974.8
Pleasanton,0.8130188885559002,0.411,62.71487156852657,1477208,48524,8583,903624,60165,36.6,0.4903576907720535,0.5096423092279465,0.66,0.7,0.09,0.16,121603615,0,459504515,657975464,16001952,29508078.5
Plymouth,0.8293210711387612,0.188,40.23075716377327,38248,34106,7969,19626,37570,48.2,0.5447218503058465,0.4552781496941535,NA,NA,NA,NA,NA,NA,NA,NA,NA,NA
Point Arena,0.8143896212327997,0.214,35.23985914848859,87468,34608,7965,47931,34716,41.5,0.5007115128470759,0.499288487152924,NA,NA,NA,NA,NA,NA,NA,NA,NA,NA
Pomona,0.7442106236359122,0.295,58.53160101229083,9735147,42948,8593,5624844,53099,34.8,0.492906477040272,0.507093522959728,1.02,0.71,0.03,0.13,192703786,8026801,475860682,667788535,5558539,26095663.75
Port Hueneme,0.8138416978089583,0.312,62.91647578665919,806353,45937,8871,441320,48206,36.2,0.4967327326743737,0.5032672673256263,0.98,0.73,0.03,0.12,29358066,7375784,79632319,108885505,1048716,4418836.24
Porterville,0.6045185610298884,0.133,31.18263476541116,429283,28708,3686,188438,33537,29.6,0.5007971884689232,0.4992028115310768,0.72,0.71,0.06,0.11,51143814,1710000,120400376,169463052,4224791,7784416.54
Portola,0.863913508077189,0.229,49.42439980401764,20410,37323,9123,10586,37727,49.6,0.49997500874693857,0.5000249912530614,0.19,0.8,0.01,0.02,708789,0,2847905,3556829,48061,93058.21
Portola Valley,0.8128099776836925,0.439,83.74426637114075,703830,74932,21933,468661,72876,39.3,0.4915686664782984,0.5084313335217016,0.11,0.91,0.02,0.04,712486,0,6591712,7260996,141356,270052.1
Poway,0.7251714669285065,0.344,59.13658277842412,3022116,44860,9670,1882625,50388,34.6,0.5019456836836856,0.4980543163163144,0.5,0.74,0.05,0.07,49760701,0,141625719,192167113,5397830,7396723.18
Rancho Cordova,0.7350143977736597,0.27899999999999997,52.519033474417654,1394438,39207,6314,801064,51750,34.8,0.48970882189587167,0.5102911781041283,0.04,0.83,0.01,0.01,3632566,0,16899356,20406445,712521,1103528.44
Rancho Cucamonga,0.6748090460761734,0.18600000000000003,34.97512395601215,2003735,29988,4061,885185,41008,31.7,0.4970037489988748,0.5029962510011252,0.42,0.81,0.05,0.04,84420229,0,206860992,254672104,9132137,8558986.34
Rancho Mirage,0.6519685051631071,0.205,30.312794352973295,2109712,31693,5525,862701,39323,33.7,0.4976048585133362,0.5023951414866638,0.09,1.03,0.01,0.01,4561269,0,57763914,56181067,547736,690997.1
Rancho Palos Verdes,0.7442106236359122,0.295,58.53160101229083,9735147,42948,8593,5624844,53099,34.8,0.492906477040272,0.507093522959728,0.29,0.75,0.03,0.05,11124689,0,32423599,43346223,990670,1896743.41
Rancho Santa Margarita,0.8640684252298959,0.366,65.05009546614426,2957593,49785,10940,1998599,52932,36.2,0.4945731757552242,0.5054268242447758,0.08,0.79,0.01,0.02,1646931,0,5997506,7556577,300998,398684.02
Red Bluff,0.727765878189607,0.131,24.505219639892733,62648,26990,4736,23994,34328,39.5,0.4980854986370011,0.5019145013629989,0.91,0.75,0.08,0.15,16114154,587000,47892841,64203622,1384342,2672802.26
Redding,0.735475342080671,0.193,36.57339757513526,177247,32788,5850,90773,37062,41.8,0.49164047555904145,0.5083595244409586,0.84,0.65,0.08,0.1,291130494,0,541548868,831611278,27002699,33850248.29
Redlands,0.6748090460761734,0.18600000000000003,34.97512395601215,2003735,29988,4061,885185,41008,31.7,0.4970037489988748,0.5029962510011252,0.95,0.72,0.07,0.13,118273164,12452070,310125246,429282935,10008946,18180737.02
Redondo Beach,0.7442106236359122,0.295,58.53160101229083,9735147,42948,8593,5624844,53099,34.8,0.492906477040272,0.507093522959728,1.36,0.69,0.1,0.19,179798510,0,392227016,570952097,13709726,24993400.91
Redwood City,0.8128099776836925,0.439,83.74426637114075,703830,74932,21933,468661,72876,39.3,0.4915686664782984,0.5084313335217016,0.93,0.66,0.07,0.14,245578734,0,483433910,731865340,18408663,35714320.66
Reedley,0.714652135684724,0.194,37.123290788562386,909630,30549,4517,441468,37825,30.6,0.4995550540061261,0.5004449459938739,0.29,0.76,0.02,0.06,10964510,0,40748829,53495710,695826,2385023.71
Rialto,0.6748090460761734,0.18600000000000003,34.97512395601215,2003735,29988,4061,885185,41008,31.7,0.4970037489988748,0.5029962510011252,0.73,0.71,0.08,0.1,130439143,0,296461666,416881465,13946555,17842418.94
Richmond,0.7539949308861223,0.386,90.00304785096702,1023344,58611,12481,496937,58042,38.5,0.487620409427802,0.512379590572198,1.58,0.71,0.09,0.15,340778671,150445289,832667583,1166903036,26873042,46595529.48
Ridgecrest,0.6575433079519254,0.149,52.20654335003,818327,29257,3963,364533,41733,30.7,0.5158313592518619,0.48416864074813815,0.68,0.72,0.06,0.03,19399331,0,48388732,67523143,1830316,863178.94
Rio Dell,0.7955847759213462,0.264,35.86541230391159,132657,31084,6269,70605,34145,37.1,0.5021058808673109,0.49789411913268905,NA,NA,NA,NA,NA,NA,NA,NA,NA,NA
Rio Vista,0.6956945732923293,0.242,45.98817522960007,408972,38030,6022,178995,46543,36.9,0.4988459975226446,0.5011540024773554,0.3,0.76,0.04,0.05,6229988,0,18604644,24569896,764291,1098027.3
Riverside,0.6519685051631071,0.205,30.312794352973295,2109712,31693,5525,862701,39323,33.7,0.4976048585133362,0.5023951414866638,0.78,0.77,0.06,0.1,627777000,79207000,1884121232,2448945948,50031000,93688014.17
Rocklin,0.8313888865674386,0.34700000000000003,46.07508709356337,337568,47986,9735,198859,45005,40.3,0.4883334481333517,0.5116665518666483,0.63,0.75,0.07,0.11,47705156,0,139973418,187776056,5348797,8697925.24
Rohnert Park,0.7457829876765855,0.321,47.03317120807625,473091,43430,10169,276221,45078,39.9,0.49165698791844226,0.5083430120815577,0.56,0.71,0.05,0.08,65691953,0,143186300,202773345,6217000,9582692.94
Rolling Hills,0.7442106236359122,0.295,58.53160101229083,9735147,42948,8593,5624844,53099,34.8,0.492906477040272,0.507093522959728,0.19,0.79,0.02,0.03,627859,0,2280753,2900132,54671,103740.54
Rolling Hills Estates,0.7442106236359122,0.295,58.53160101229083,9735147,42948,8593,5624844,53099,34.8,0.492906477040272,0.507093522959728,0.5,0.82,0.03,0.07,4500624,741000,19956052,24284577,316489,709796.09
Rosemead,0.7442106236359122,0.295,58.53160101229083,9735147,42948,8593,5624844,53099,34.8,0.492906477040272,0.507093522959728,0.27,0.75,0.05,0.04,8869026,0,24969243,33216084,1569352,1246590.38
Roseville,0.8313888865674386,0.34700000000000003,46.07508709356337,337568,47986,9735,198859,45005,40.3,0.4883334481333517,0.5116665518666483,0.57,0.66,0.05,0.09,336258313,0,663534197,1003743397,30435423,50602858.07
Ross,0.8589735806570894,0.546,67.9644361065709,248398,90003,30928,181971,56427,44.5,0.4915514106073872,0.5084485893926128,0.44,0.86,0.12,0.08,4310380,0,21519541,24887274,1192233,780522.97
Sacramento,0.7350143977736597,0.27899999999999997,52.519033474417654,1394438,39207,6314,801064,51750,34.8,0.48970882189587167,0.5102911781041283,0.9,0.73,0.08,0.13,979471000,0,2572275806,3544194623,84694000,145957744.61
Salinas,0.6775766701887825,0.232,50.36278083453606,406022,40587,9460,223750,42425,32.9,0.5142209383289524,0.4857790616710476,1.14,0.68,0.11,0.16,199648572,0,408092548,601745350,18766887,27571708.66
San Anselmo,0.8589735806570894,0.546,67.9644361065709,248398,90003,30928,181971,56427,44.5,0.4915514106073872,0.5084485893926128,0.44,0.71,0.02,0.09,7789536,1412000,37337897,52828209,457426,1910825.93
San Bernardino,0.6748090460761734,0.18600000000000003,34.97512395601215,2003735,29988,4061,885185,41008,31.7,0.4970037489988748,0.5029962510011252,1.81,0.7,0.12,0.23,423070307,20894147,953384371,1368724537,28736223,55301846.36
San Bruno,0.8128099776836925,0.439,83.74426637114075,703830,74932,21933,468661,72876,39.3,0.4915686664782984,0.5084313335217016,0.95,0.71,0.07,0.12,89227724,8644338,218831243,307520887,7175756,12887120.59
San Carlos,0.8128099776836925,0.439,83.74426637114075,703830,74932,21933,468661,72876,39.3,0.4915686664782984,0.5084313335217016,0.68,0.68,0.12,0.06,50152227,0,95115184,139323349,9039350,4564093.24
San Clemente,0.8640684252298959,0.366,65.05009546614426,2957593,49785,10940,1998599,52932,36.2,0.4945731757552242,0.5054268242447758,0.38,0.71,0.03,0.04,41632614,0,104045265,145746058,3702930,4548894.72
San Diego,0.7251714669285065,0.344,59.13658277842412,3022116,44860,9670,1882625,50388,34.6,0.5019456836836856,0.4980543163163144,0.78,0.73,0.1,NA,2532590000,0,6988834000,9521424000,324500000,NA
San Dimas,0.7442106236359122,0.295,58.53160101229083,9735147,42948,8593,5624844,53099,34.8,0.492906477040272,0.507093522959728,0.36,0.78,0.03,0.06,11764435,0,39078380,50155581,1062874,1853827.29
San Fernando,0.7442106236359122,0.295,58.53160101229083,9735147,42948,8593,5624844,53099,34.8,0.492906477040272,0.507093522959728,1.13,0.68,0.09,0.16,40457482,0,84786977,125166204,3088007,5599179.9
San Francisco,0.7960351328320551,0.52,115.77229660040042,791152,75250,19259,734423,77467,38.5,0.5072581296143361,0.4927418703856638,0.45,0.81,0.05,NA,5073130000,0,22201191745.1131,27287202273.1131,613756000,NA
San Gabriel,0.7442106236359122,0.295,58.53160101229083,9735147,42948,8593,5624844,53099,34.8,0.492906477040272,0.507093522959728,1.46,0.69,0.14,0.22,67662053,0,150343121,217626206,6251059,10159110.13
San Jacinto,0.6519685051631071,0.205,30.312794352973295,2109712,31693,5525,862701,39323,33.7,0.4976048585133362,0.5023951414866638,0.2,0.73,0.02,0.04,7061261,878726,31053381,42507442,738923,1476886.74
San Joaquin,0.714652135684724,0.194,37.123290788562386,909630,30549,4517,441468,37825,30.6,0.4995550540061261,0.5004449459938739,0.29,0.77,0.02,0.05,973317,0,3199154,4158483,75592,170081.09
San Jose,0.7060058122206997,0.46,91.79353048081408,1740964,61220,12764,1164619,81944,36.2,0.5017006783629933,0.49829932163700674,1.44,0.62,0.14,NA,3192356000,0,5270364733,8462635377,314666000,NA
San Juan Bautista,0.7385668511505972,0.184,32.161147658798164,54267,36836,5787,21766,38918,34.3,0.4999004867104525,0.5000995132895475,NA,NA,NA,NA,NA,NA,NA,NA,NA,NA
San Juan Capistrano,0.8640684252298959,0.366,65.05009546614426,2957593,49785,10940,1998599,52932,36.2,0.4945731757552242,0.5054268242447758,0.37,0.72,0.03,NA,26138852,0,67047786.1461676,93186638.1461676,2441378,NA
San Leandro,0.8130188885559002,0.411,62.71487156852657,1477208,48524,8583,903624,60165,36.6,0.4903576907720535,0.5096423092279465,1.24,0.7,0.09,0.16,176603608,11565556,415301312,590595618,12935765,23939799.98
San Luis Obispo,0.8320743034055728,0.315,47.20735251053094,266358,39692,9659,154624,39377,39.4,0.5117954880079514,0.48820451199204856,1.19,0.63,0.1,0.16,151273080,0,264330315,418064156,12608611,20469157.97
San Marcos,0.7251714669285065,0.344,59.13658277842412,3022116,44860,9670,1882625,50388,34.6,0.5019456836836856,0.4980543163163144,0.56,0.73,0.06,0.09,59258541,0,155336844,213609786,6678087,9586569.51
San Marino,0.7442106236359122,0.295,58.53160101229083,9735147,42948,8593,5624844,53099,34.8,0.492906477040272,0.507093522959728,1.11,0.75,0.08,0.16,29738565,3240566,88444570,118341076,2432915,4694789.31
San Mateo,0.8128099776836925,0.439,83.74426637114075,703830,74932,21933,468661,72876,39.3,0.4915686664782984,0.5084313335217016,0.97,0.67,0.08,0.13,218195634,0,446521875,666250732,18298957,28400836.67
San Pablo,0.7539949308861223,0.386,90.00304785096702,1023344,58611,12481,496937,58042,38.5,0.487620409427802,0.512379590572198,0.81,0.73,0.07,0.13,40126819,0,108949179,149234243,3263150,6563758.12
San Rafael,0.8589735806570894,0.546,67.9644361065709,248398,90003,30928,181971,56427,44.5,0.4915514106073872,0.5084485893926128,1.11,0.86,0.18,NA,120649687,4185000,757834016,878483703,20167435,NA
San Ramon,0.7539949308861223,0.386,90.00304785096702,1023344,58611,12481,496937,58042,38.5,0.487620409427802,0.512379590572198,0.5,0.85,0.05,0.1,28985447,15860000,160429262,189645523,4005347,8741786.31
Sand City,0.6775766701887825,0.232,50.36278083453606,406022,40587,9460,223750,42425,32.9,0.5142209383289524,0.4857790616710476,0.66,0.78,0.14,0.11,4882751,0,15773933,20106357,1006454,836363.15
Sanger,0.714652135684724,0.194,37.123290788562386,909630,30549,4517,441468,37825,30.6,0.4995550540061261,0.5004449459938739,0.65,0.72,0.06,0.1,21464892,0,54287706,75248734,2087768,3165874.75
Santa Ana,0.8640684252298959,0.366,65.05009546614426,2957593,49785,10940,1998599,52932,36.2,0.4945731757552242,0.5054268242447758,1.43,0.69,0.1,0.19,632762457,0,1396978518,2030144753,45574136,84592085.41
Santa Barbara,0.7376324610238962,0.315,53.012658136531854,415859,45327,13688,258059,44000,33.6,0.5019780841953786,0.4980219158046214,0.96,0.69,0.08,0.13,330936334,0,742969041,1071061975,28397773,45375527.81
Santa Clara,0.7060058122206997,0.46,91.79353048081408,1740964,61220,12764,1164619,81944,36.2,0.5017006783629933,0.49829932163700674,0.52,0.65,0.05,0.08,516387277,0,965950578,1490167055,47258730,75037864.86
Santa Clarita,0.7442106236359122,0.295,58.53160101229083,9735147,42948,8593,5624844,53099,34.8,0.492906477040272,0.507093522959728,0.21,0.79,0.02,0.04,46706496,0,153249106,195038863,4662191,7907899.01
Santa Cruz,0.8295211204607084,0.375,42.6701387806019,256520,46909,11645,142699,42775,36.9,0.49894047609973247,0.5010595239002675,0.87,0.76,0.07,0.13,170132291,11100000,513943222,673789965,15571981,26101652.61
Santa Fe Springs,0.7442106236359122,0.295,58.53160101229083,9735147,42948,8593,5624844,53099,34.8,0.492906477040272,0.507093522959728,1.53,0.64,0.1,0.18,120046285,2318000,217293747,336985004,7916343,14620738.51
Santa Maria,0.7376324610238962,0.315,53.012658136531854,415859,45327,13688,258059,44000,33.6,0.5019780841953786,0.4980219158046214,0.68,0.72,0.06,0.11,125674822,0,318712128,445163214,11011982,19656044.01
Santa Monica,0.7442106236359122,0.295,58.53160101229083,9735147,42948,8593,5624844,53099,34.8,0.492906477040272,0.507093522959728,0.71,0.76,0.07,0.13,466819562,0,1422253087,1869572899,48359631,83178859.71
Santa Paula,0.8138416978089583,0.312,62.91647578665919,806353,45937,8871,441320,48206,36.2,0.4967327326743737,0.5032672673256263,0.58,0.72,0.05,0.08,25075293,0,62590194,87442370,2068104,3579125.49
Santa Rosa,0.7457829876765855,0.321,47.03317120807625,473091,43430,10169,276221,45078,39.9,0.49165698791844226,0.5083430120815577,1.04,0.72,0.08,0.15,348805000,23197000,907329989,1257546724,27320856,53557499.28
Santee,0.7251714669285065,0.344,59.13658277842412,3022116,44860,9670,1882625,50388,34.6,0.5019456836836856,0.4980543163163144,0.69,0.74,0.03,0.11,40161745,0,112590869,152805202,1600968,6251105.69
Saratoga,0.7060058122206997,0.46,91.79353048081408,1740964,61220,12764,1164619,81944,36.2,0.5017006783629933,0.49829932163700674,0.29,0.85,0.05,0.06,7556748,0,42123716,49360358,1289450,1518517.43
Sausalito,0.8589735806570894,0.546,67.9644361065709,248398,90003,30928,181971,56427,44.5,0.4915514106073872,0.5084485893926128,1.16,0.72,0.1,0.16,28115086,0,73207611,101105801,2303767,3773563.51
Scotts Valley,0.8295211204607084,0.375,42.6701387806019,256520,46909,11645,142699,42775,36.9,0.49894047609973247,0.5010595239002675,1.14,0.73,0.08,0.15,17054661,2675000,46871383,63893949,1324761,2512942.78
Seal Beach,0.8640684252298959,0.366,65.05009546614426,2957593,49785,10940,1998599,52932,36.2,0.4945731757552242,0.5054268242447758,0.88,0.73,0.03,0.13,36386837,1263000,100172997,136813669,1430931,5714465.96
Seaside,0.6775766701887825,0.232,50.36278083453606,406022,40587,9460,223750,42425,32.9,0.5142209383289524,0.4857790616710476,1.11,0.74,0.08,0.16,41931214,4290000,119105140,161245371,3297129,6747361.69
Sebastopol,0.7457829876765855,0.321,47.03317120807625,473091,43430,10169,276221,45078,39.9,0.49165698791844226,0.5083430120815577,0.81,0.72,0.08,0.11,12460116,0,31288176,43560092,1187535,1771840.26
Selma,0.714652135684724,0.194,37.123290788562386,909630,30549,4517,441468,37825,30.6,0.4995550540061261,0.5004449459938739,0.59,0.72,0.06,0.09,15039455,0,38550466,53510616,1459243,2313999.89
Shafter,0.6575433079519254,0.149,52.20654335003,818327,29257,3963,364533,41733,30.7,0.5158313592518619,0.48416864074813815,0.07,1.06,0.02,0.02,3825145,0,54200790,51339456,1152482,1276955.52
Shasta Lake,0.735475342080671,0.193,36.57339757513526,177247,32788,5850,90773,37062,41.8,0.49164047555904145,0.5083595244409586,0.19,0.78,0.01,0.03,7588576,0,26410362,33826598,414691,1298216.11
Sierra Madre,0.7442106236359122,0.295,58.53160101229083,9735147,42948,8593,5624844,53099,34.8,0.492906477040272,0.507093522959728,0.67,0.73,0.07,0.08,13878779,0,36394924,49965299,1418218,1602871.44
Signal Hill,0.7442106236359122,0.295,58.53160101229083,9735147,42948,8593,5624844,53099,34.8,0.492906477040272,0.507093522959728,0.89,0.74,0.09,0.13,28446490,0,79393219,107164385,2773534,4124901.03
Simi Valley,0.8138416978089583,0.312,62.91647578665919,806353,45937,8871,441320,48206,36.2,0.4967327326743737,0.5032672673256263,0.96,0.7,0.07,0.13,148061674,0,336208560,482469907,11328053,20222513.88
Solana Beach,0.7251714669285065,0.344,59.13658277842412,3022116,44860,9670,1882625,50388,34.6,0.5019456836836856,0.4980543163163144,0.48,0.73,0.04,0.08,14011833,0,38888275,52950062,1178475,2314689.74
Soledad,0.6775766701887825,0.232,50.36278083453606,406022,40587,9460,223750,42425,32.9,0.5142209383289524,0.4857790616710476,0.19,0.8,0.02,0.04,4556204,0,18018414,22492577,546285,1048205.97
Solvang,0.7376324610238962,0.315,53.012658136531854,415859,45327,13688,258059,44000,33.6,0.5019780841953786,0.4980219158046214,0.23,0.77,0.02,0.04,4006588,0,12993759,16931210,279932,724074.67
Sonoma,0.7457829876765855,0.321,47.03317120807625,473091,43430,10169,276221,45078,39.9,0.49165698791844226,0.5083430120815577,0.63,0.73,0.04,0.08,14473020,1140000,39889322,54341626,915749,1908297.02
Sonora,0.8769094416349512,0.174,37.56651278409091,56320,32626,7962,26710,37401,47.3,0.5282218007766639,0.471778199223336,1.2,0.71,0.18,0.15,10864152,0,25809012,36430100,1643609,1404960.19
South El Monte,0.7442106236359122,0.295,58.53160101229083,9735147,42948,8593,5624844,53099,34.8,0.492906477040272,0.507093522959728,0.44,0.74,0.03,0.06,7727031,0,21367001,28968274,572837,1086926.83
South Gate,0.7442106236359122,0.295,58.53160101229083,9735147,42948,8593,5624844,53099,34.8,0.492906477040272,0.507093522959728,0.98,0.74,0.03,0.12,86756234,15245000,246571469,334627101,3114552,12837860.36
South Lake Tahoe,0.869937250427838,0.313,34.68516885291655,179150,48380,8844,84628,41433,43.6,0.5002319698660098,0.49976803013399024,1.28,0.69,0.08,0.15,71610615,11030000,163083270,234694717,5450673,9828905.62
South Pasadena,0.7442106236359122,0.295,58.53160101229083,9735147,42948,8593,5624844,53099,34.8,0.492906477040272,0.507093522959728,0.83,0.74,0.07,0.13,36410081,0,103624830,140020981,3082379,5716959.68
South San Francisco,0.8128099776836925,0.439,83.74426637114075,703830,74932,21933,468661,72876,39.3,0.4915686664782984,0.5084313335217016,0.98,0.67,0.08,0.14,182871920,0,378350396,561049559,15488805,26869519.63
St. Helena,0.7790353151347466,0.312,60.91912329502659,134093,47613,12170,91679,46528,39.7,0.4993918701093169,0.5006081298906832,0.39,0.73,0.04,0.06,11898108,0,31144329,42665192,1304167,1813496.27
Stanton,0.8640684252298959,0.366,65.05009546614426,2957593,49785,10940,1998599,52932,36.2,0.4945731757552242,0.5054268242447758,0.3,0.73,0.02,0.03,10655465,0,28958524,39593055,872165,902596.81
Stockton,0.6505512612372483,0.179,35.11675291651531,671692,32080,4692,287022,40880,32.7,0.4979235553168949,0.5020764446831051,1.14,0.72,0.04,0.15,509212031,53547049,1320781608,1837471394,17887560,72423500.73
Suisun City,0.6956945732923293,0.242,45.98817522960007,408972,38030,6022,178995,46543,36.9,0.4988459975226446,0.5011540024773554,0.81,0.74,0.09,0.11,18539577,0,51365729,69555637,2033442,2579972.11
Sunnyvale,0.7060058122206997,0.46,91.79353048081408,1740964,61220,12764,1164619,81944,36.2,0.5017006783629933,0.49829932163700674,0.76,0.7,0.07,0.11,365351096,0,819825869,1179315783,31769222,54826861.73
Susanville,0.8117586087757688,0.135,31.74083643280997,35221,26828,4477,13756,40080,37.1,0.6423842957443759,0.357615704255624,0.95,0.76,0.05,0.1,11433943,4096000,37148697,48561689,865752,1694929.17
Sutter Creek,0.8293210711387612,0.188,40.23075716377327,38248,34106,7969,19626,37570,48.2,0.5447218503058465,0.4552781496941535,0.82,0.73,0.07,0.12,3509068,0,9388801,12825255,288431,501057.53
Taft,0.6575433079519254,0.149,52.20654335003,818327,29257,3963,364533,41733,30.7,0.5158313592518619,0.48416864074813815,0.35,0.76,0.03,0.07,9771417,0,30803031,40568756,883568,1839746.01
Tehachapi,0.6575433079519254,0.149,52.20654335003,818327,29257,3963,364533,41733,30.7,0.5158313592518619,0.48416864074813815,0.26,0.79,0.03,0.06,4432819,0,16070566,20455367,572035,1014848.04
Tehama,0.727765878189607,0.131,24.505219639892733,62648,26990,4736,23994,34328,39.5,0.4980854986370011,0.5019145013629989,NA,NA,NA,NA,NA,NA,NA,NA,NA,NA
Temecula,0.6519685051631071,0.205,30.312794352973295,2109712,31693,5525,862701,39323,33.7,0.4976048585133362,0.5023951414866638,0.28,0.69,0.01,0.04,39622446,0,83360442,120819204,2088146,5657444.65
Temple City,0.7442106236359122,0.295,58.53160101229083,9735147,42948,8593,5624844,53099,34.8,0.492906477040272,0.507093522959728,0.38,0.74,0.03,0.06,8041060,0,22499597,30409720,700176,1274365.78
Thousand Oaks,0.8138416978089583,0.312,62.91647578665919,806353,45937,8871,441320,48206,36.2,0.4967327326743737,0.5032672673256263,0.42,0.77,0.03,0.06,73082022,0,233534447,303429116,5914293,11354177.06
Tiburon,0.8589735806570894,0.546,67.9644361065709,248398,90003,30928,181971,56427,44.5,0.4915514106073872,0.5084485893926128,0.63,0.78,0.05,0.11,8168481,0,28172378,36109094,680145,1369008.29
Torrance,0.7442106236359122,0.295,58.53160101229083,9735147,42948,8593,5624844,53099,34.8,0.492906477040272,0.507093522959728,1.72,0.7,0.13,0.21,491426503,40000000,1121799700,1595275960,38877334,63489922.74
Tracy,0.6505512612372483,0.179,35.11675291651531,671692,32080,4692,287022,40880,32.7,0.4979235553168949,0.5020764446831051,0.35,0.76,0.04,0.07,80779141,0,256232337,335743520,9198748,15709989.4
Trinidad,0.7955847759213462,0.264,35.86541230391159,132657,31084,6269,70605,34145,37.1,0.5021058808673109,0.49789411913268905,NA,NA,NA,NA,NA,NA,NA,NA,NA,NA
Truckee,0.8550759617576464,0.327,36.34338085539715,98200,44033,10723,52482,39159,47.6,0.49446154469239806,0.505538455307602,0.27,0.78,0.03,0.06,12720474,0,44226476,56774262,1597901,2790358.53
Tulare,0.6045185610298884,0.133,31.18263476541116,429283,28708,3686,188438,33537,29.6,0.5007971884689232,0.4992028115310768,0.51,0.73,0.05,0.09,60755070,0,164262429,223837702,5556510,10196065.11
Tulelake,0.7847023827055046,0.231,32.44723090665476,44780,31784,6697,22084,32841,47,0.4987750556792873,0.5012249443207127,-0.27,1.35,0.01,0.03,-564060,0,2406360,1778414,27808,53289.02
Turlock,0.7125961812482189,0.163,35.30845604991435,509032,31117,4392,223665,39473,32.9,0.4946788141968265,0.5053211858031734,0.8,0.72,0.07,0.13,77997520,0,196414551,274384933,7121563,12483482.67
Tustin,0.8640684252298959,0.366,65.05009546614426,2957593,49785,10940,1998599,52932,36.2,0.4945731757552242,0.5054268242447758,0.49,0.76,0.04,0.08,63370958,0,200790314,265567352,5454050,10154920.06
Twentynine Palms,0.6748090460761734,0.18600000000000003,34.97512395601215,2003735,29988,4061,885185,41008,31.7,0.4970037489988748,0.5029962510011252,0.27,1.02,0.03,0.02,3474126,0,15081118,14830585,331853,305496.04
Ukiah,0.8143896212327997,0.214,35.23985914848859,87468,34608,7965,47931,34716,41.5,0.5007115128470759,0.499288487152924,0.82,0.67,0.08,0.11,49598242,0,101396549,151109594,4704726,6961870.75
Union City,0.8130188885559002,0.411,62.71487156852657,1477208,48524,8583,903624,60165,36.6,0.4903576907720535,0.5096423092279465,1.02,0.77,0.07,0.13,80953906,17900653,260064981,338256279,6804690,12975846.46
Upland,0.6748090460761734,0.18600000000000003,34.97512395601215,2003735,29988,4061,885185,41008,31.7,0.4970037489988748,0.5029962510011252,1.07,0.67,0.07,0.13,112039675,0,230608713,342318865,7613789,13118721.43
Vacaville,0.6956945732923293,0.242,45.98817522960007,408972,38030,6022,178995,46543,36.9,0.4988459975226446,0.5011540024773554,1.05,0.63,0.09,0.13,227968374,0,396887615,625129077,19155838,27764236.71
Vallejo,0.6956945732923293,0.242,45.98817522960007,408972,38030,6022,178995,46543,36.9,0.4988459975226446,0.5011540024773554,1.52,0.62,0.11,0.18,300485614,0,481859555,777159389,21432797,36458438.67
Ventura,0.8138416978089583,0.312,62.91647578665919,806353,45937,8871,441320,48206,36.2,0.4967327326743737,0.5032672673256263,1,0.68,0.08,0.14,215120527,0,462410909,681037076,16350449,29626569.64
Vernon,0.7442106236359122,0.295,58.53160101229083,9735147,42948,8593,5624844,53099,34.8,0.492906477040272,0.507093522959728,0.4,0.73,0.03,0.07,109673939,0,312314866,425813419,9105799,18121342.53
Victorville,0.6748090460761734,0.18600000000000003,34.97512395601215,2003735,29988,4061,885185,41008,31.7,0.4970037489988748,0.5029962510011252,0.29,0.75,0.01,0.04,57973779,0,171208335,229045972,2911168,8707484.29
Villa Park,0.8640684252298959,0.366,65.05009546614426,2957593,49785,10940,1998599,52932,36.2,0.4945731757552242,0.5054268242447758,0.24,0.77,0.02,0.04,1096597,0,3612287,4696619,75632,170658.99
Visalia,0.6045185610298884,0.133,31.18263476541116,429283,28708,3686,188438,33537,29.6,0.5007971884689232,0.4992028115310768,0.59,0.73,0.06,0.09,130097028,0,334269671,460302560,13155988,20335222.64
Vista,0.7251714669285065,0.344,59.13658277842412,3022116,44860,9670,1882625,50388,34.6,0.5019456836836856,0.4980543163163144,0.52,0.75,0.05,0.08,65514184,0,188061798,252061292,6113463,9943999.45
Walnut,0.7442106236359122,0.295,58.53160101229083,9735147,42948,8593,5624844,53099,34.8,0.492906477040272,0.507093522959728,0.36,0.76,0.03,0.06,6798916,0,21349341,28005223,570892,1130070.56
Walnut Creek,0.7539949308861223,0.386,90.00304785096702,1023344,58611,12481,496937,58042,38.5,0.487620409427802,0.512379590572198,0.91,0.72,0.08,0.13,114204684,0,283167801,395346330,9789464,16435038.23
Wasco,0.6575433079519254,0.149,52.20654335003,818327,29257,3963,364533,41733,30.7,0.5158313592518619,0.48416864074813815,0.3,0.75,0.04,0.04,7307478,0,20758322,27547553,970749,1061606.27
Waterford,0.7125961812482189,0.163,35.30845604991435,509032,31117,4392,223665,39473,32.9,0.4946788141968265,0.5053211858031734,0.19,0.8,0.02,0.04,1398481,0,5576214,6943619,154072,290871.08
Watsonville,0.8295211204607084,0.375,42.6701387806019,256520,46909,11645,142699,42775,36.9,0.49894047609973247,0.5010595239002675,0.76,0.74,0.06,0.12,78238703,0,216558258,293852606,6463126,12281542.71
Weed,0.7847023827055046,0.231,32.44723090665476,44780,31784,6697,22084,32841,47,0.4987750556792873,0.5012249443207127,0.42,0.77,0.04,0.08,2621423,0,8825642,11418562,233055,494900.97
West Covina,0.7442106236359122,0.295,58.53160101229083,9735147,42948,8593,5624844,53099,34.8,0.492906477040272,0.507093522959728,2.02,0.66,0.05,0.25,185149727,0,358686730,545547525,5030229,23292408.76
West Hollywood,0.7442106236359122,0.295,58.53160101229083,9735147,42948,8593,5624844,53099,34.8,0.492906477040272,0.507093522959728,0.38,0.73,0.04,0.07,47125622,0,124500627,170996844,4925060,8095369.42
West Sacramento,0.8136606500405701,0.38,56.21839780070402,197154,39974,7269,124492,46187,30.4,0.48760511628138553,0.5123948837186145,0.55,0.73,0.05,0.09,80261032,3417400,210898517,290105637,7178418,13034698.55
Westlake Village,0.7442106236359122,0.295,58.53160101229083,9735147,42948,8593,5624844,53099,34.8,0.492906477040272,0.507093522959728,0.13,0.78,0.02,0.03,2188261,0,7712283,9851294,250897,431026.75
Westminster,0.8640684252298959,0.366,65.05009546614426,2957593,49785,10940,1998599,52932,36.2,0.4945731757552242,0.5054268242447758,1.34,0.71,0.09,0.18,115878014,0,272477700,385664324,7642502,15183796.08
Wheatland,0.6554745811224377,0.136,34.93014086076937,71773,30642,4017,27011,43891,32.1,0.5038043101656157,0.49619568983438433,NA,NA,NA,NA,NA,NA,NA,NA,NA,NA
Whittier,0.7442106236359122,0.295,58.53160101229083,9735147,42948,8593,5624844,53099,34.8,0.492906477040272,0.507093522959728,1.32,0.68,0.1,0.19,129502467,0,275446950,405761575,9474460,18134970.07
Wildomar,0.6519685051631071,0.205,30.312794352973295,2109712,31693,5525,862701,39323,33.7,0.4976048585133362,0.5023951414866638,0.01,0.9,0.01,0.01,176110,0,1533532,1694987,115449,132820.05
Williams,0.6603425117528543,0.135,58.8751774391975,21134,38298,5241,10687,34759,33.5,0.5141229749288015,0.48587702507119845,0.3,0.79,0.06,0.07,2347830,0,8950946,11289673,426409,541646.79
Willits,0.8143896212327997,0.214,35.23985914848859,87468,34608,7965,47931,34716,41.5,0.5007115128470759,0.499288487152924,0.72,0.7,0.06,0.09,9154065,0,21183142,30106170,808718,1138660.31
Willows,0.7070241347905283,0.154,37.95106891752025,28019,30006,4650,11795,34368,35.3,0.5046227153118555,0.4953772846881445,1.25,0.7,0.1,0.13,7924460,0,17785629,25578135,615648,826374.78
Windsor,0.7457829876765855,0.321,47.03317120807625,473091,43430,10169,276221,45078,39.9,0.49165698791844226,0.5083430120815577,0.25,0.79,0.03,0.05,9533283,0,35791559,45131667,1043099,1991703.12
Winters,0.8136606500405701,0.38,56.21839780070402,197154,39974,7269,124492,46187,30.4,0.48760511628138553,0.5123948837186145,0.33,0.77,0.04,0.06,5105683,0,17104629,22075590,633001,969611.29
Woodlake,0.6045185610298884,0.133,31.18263476541116,429283,28708,3686,188438,33537,29.6,0.5007971884689232,0.4992028115310768,0.27,0.76,0.03,0.05,2731674,0,8204956,10861138,325002,467098.29
Woodland,0.8136606500405701,0.38,56.21839780070402,197154,39974,7269,124492,46187,30.4,0.48760511628138553,0.5123948837186145,0.82,0.67,0.06,0.12,94573331,0,188614795,281454713,7140791,13496374.04
Woodside,0.8128099776836925,0.439,83.74426637114075,703830,74932,21933,468661,72876,39.3,0.4915686664782984,0.5084313335217016,0.34,0.74,0.04,0.06,3641516,0,10240910,13796499,390376,639366.43
Yorba Linda,0.8640684252298959,0.366,65.05009546614426,2957593,49785,10940,1998599,52932,36.2,0.4945731757552242,0.5054268242447758,0.33,0.71,0.03,0.05,21790493,0,52349036,73528229,1959705,3162489.86
Yountville,0.7790353151347466,0.312,60.91912329502659,134093,47613,12170,91679,46528,39.7,0.4993918701093169,0.5006081298906832,0.23,0.75,0.03,0.04,4009560,0,11580575,15431434,524489,736837.22
Yreka,0.7847023827055046,0.231,32.44723090665476,44780,31784,6697,22084,32841,47,0.4987750556792873,0.5012249443207127,0.54,0.75,0.04,0.09,8383181,0,25489630,33858672,661767,1356976.86
Yuba City,0.690717712881643,0.184,37.36422140535933,93855,34285,5294,38431,35668,34.5,0.49612083979860033,0.5038791602013997,0.76,0.74,0.06,0.11,75829459,0,199549026,270027390,5816744,10911740.61
Yucaipa,0.6748090460761734,0.18600000000000003,34.97512395601215,2003735,29988,4061,885185,41008,31.7,0.4970037489988748,0.5029962510011252,0.12,0.79,0.01,0.02,4904437,0,17956452,22616890,502982,946764.62
Yucca Valley,0.6748090460761734,0.18600000000000003,34.97512395601215,2003735,29988,4061,885185,41008,31.7,0.4970037489988748,0.5029962510011252,0.23,0.76,0.02,0.04,4725488,0,14777377,19408799,431923,792510.44
